sample_id,label
0,6
1,9
2,7
3,7
4,2
5,1
6,6
7,6
8,5
9,6
10,6
11,2
12,0
13,7
14,9
15,7
16,5
17,5
18,9
19,9
20,4
21,6
22,7
23,9
24,6
25,0
26,7
27,8
28,9
29,6
30,8
31,6
32,0
33,6
34,6
35,0
36,5
37,5
38,9
39,4
40,5
41,6
42,5
43,7
44,8
45,6
46,6
47,9
48,7
49,5
50,9
51,6
52,9
53,2
54,9
55,6
56,3
57,6
58,7
59,6
60,7
61,6
62,8
63,6
64,6
65,5
66,5
67,7
68,7
69,4
70,6
71,7
72,6
73,7
74,0
75,7
76,7
77,8
78,6
79,1
80,5
81,5
82,8
83,9
84,8
85,9
86,6
87,6
88,7
89,9
90,9
91,0
92,6
93,6
94,7
95,0
96,8
97,1
98,7
99,7
100,9
101,7
102,9
103,9
104,7
105,6
106,2
107,7
108,2
109,5
110,6
111,0
112,6
113,8
114,5
115,0
116,6
117,9
118,7
119,9
120,7
121,7
122,7
123,0
124,6
125,7
126,9
127,0
128,4
129,7
130,5
131,7
132,7
133,5
134,6
135,5
136,9
137,7
138,9
139,7
140,4
141,6
142,8
143,7
144,7
145,0
146,7
147,6
148,5
149,6
150,5
151,8
152,2
153,6
154,5
155,6
156,9
157,7
158,7
159,0
160,5
161,6
162,6
163,9
164,6
165,4
166,0
167,2
168,7
169,4
170,7
171,9
172,6
173,0
174,8
175,6
176,2
177,7
178,2
179,5
180,6
181,6
182,4
183,6
184,6
185,6
186,9
187,7
188,9
189,7
190,7
191,6
192,9
193,5
194,6
195,6
196,8
197,0
198,7
199,0
200,5
201,6
202,7
203,7
204,9
205,9
206,7
207,9
208,6
209,0
210,6
211,7
212,9
213,6
214,9
215,2
216,7
217,8
218,5
219,9
220,8
221,6
222,0
223,8
224,6
225,6
226,6
227,9
228,7
229,6
230,7
231,9
232,6
233,9
234,4
235,9
236,5
237,9
238,8
239,7
240,7
241,0
242,6
243,5
244,2
245,4
246,7
247,4
248,7
249,7
250,0
251,8
252,7
253,5
254,7
255,7
256,8
257,9
258,7
259,6
260,6
261,7
262,8
263,9
264,6
265,0
266,8
267,6
268,6
269,6
270,6
271,6
272,7
273,9
274,9
275,8
276,6
277,7
278,6
279,9
280,0
281,2
282,0
283,7
284,0
285,7
286,2
287,2
288,6
289,7
290,0
291,7
292,9
293,9
294,1
295,7
296,7
297,3
298,4
299,4
300,4
301,5
302,9
303,8
304,1
305,7
306,0
307,4
308,6
309,9
310,7
311,3
312,7
313,6
314,8
315,9
316,3
317,9
318,2
319,9
320,4
321,6
322,9
323,5
324,9
325,6
326,9
327,6
328,4
329,8
330,9
331,9
332,7
333,5
334,5
335,7
336,7
337,7
338,0
339,6
340,9
341,6
342,6
343,0
344,7
345,6
346,0
347,5
348,2
349,2
350,8
351,8
352,0
353,9
354,6
355,3
356,6
357,9
358,0
359,4
360,0
361,9
362,4
363,2
364,6
365,0
366,0
367,2
368,7
369,7
370,9
371,4
372,6
373,4
374,7
375,7
376,2
377,0
378,9
379,9
380,0
381,9
382,6
383,9
384,0
385,0
386,6
387,8
388,6
389,7
390,7
391,6
392,0
393,6
394,2
395,8
396,7
397,7
398,7
399,8
400,6
401,6
402,6
403,4
404,6
405,8
406,9
407,7
408,7
409,8
410,7
411,7
412,2
413,9
414,8
415,5
416,5
417,0
418,6
419,2
420,0
421,2
422,6
423,5
424,6
425,7
426,5
427,2
428,5
429,8
430,0
431,9
432,9
433,7
434,7
435,9
436,9
437,0
438,6
439,9
440,1
441,7
442,6
443,9
444,2
445,5
446,7
447,7
448,7
449,8
450,7
451,2
452,0
453,5
454,7
455,6
456,8
457,1
458,7
459,6
460,6
461,2
462,0
463,6
464,7
465,9
466,6
467,7
468,6
469,8
470,5
471,5
472,6
473,5
474,6
475,8
476,0
477,7
478,1
479,0
480,4
481,8
482,6
483,6
484,0
485,0
486,6
487,6
488,9
489,6
490,2
491,1
492,5
493,5
494,6
495,7
496,0
497,7
498,9
499,6
500,5
501,5
502,8
503,5
504,6
505,5
506,0
507,6
508,0
509,9
510,6
511,6
512,5
513,5
514,9
515,6
516,0
517,7
518,6
519,6
520,8
521,4
522,9
523,7
524,0
525,0
526,9
527,8
528,6
529,4
530,7
531,5
532,4
533,7
534,9
535,4
536,8
537,9
538,7
539,7
540,9
541,9
542,8
543,7
544,5
545,9
546,1
547,0
548,8
549,6
550,7
551,7
552,0
553,7
554,6
555,7
556,9
557,8
558,5
559,9
560,5
561,4
562,8
563,9
564,6
565,6
566,5
567,6
568,9
569,4
570,7
571,7
572,7
573,7
574,4
575,6
576,2
577,9
578,7
579,0
580,8
581,6
582,7
583,2
584,8
585,9
586,5
587,9
588,7
589,9
590,9
591,6
592,6
593,6
594,9
595,9
596,5
597,9
598,6
599,4
600,7
601,6
602,7
603,5
604,4
605,4
606,5
607,4
608,7
609,7
610,6
611,7
612,9
613,7
614,2
615,8
616,6
617,1
618,9
619,6
620,7
621,2
622,7
623,9
624,2
625,9
626,9
627,6
628,7
629,6
630,0
631,7
632,8
633,7
634,4
635,0
636,0
637,2
638,4
639,7
640,0
641,9
642,4
643,5
644,7
645,6
646,6
647,7
648,7
649,8
650,6
651,5
652,5
653,8
654,3
655,7
656,3
657,0
658,7
659,8
660,7
661,4
662,7
663,6
664,5
665,7
666,0
667,4
668,9
669,8
670,5
671,7
672,2
673,7
674,2
675,6
676,6
677,7
678,7
679,0
680,2
681,6
682,8
683,5
684,6
685,6
686,6
687,9
688,5
689,6
690,6
691,7
692,7
693,5
694,5
695,7
696,6
697,6
698,6
699,9
700,9
701,0
702,5
703,8
704,7
705,4
706,9
707,2
708,6
709,7
710,2
711,7
712,9
713,4
714,0
715,6
716,6
717,6
718,5
719,6
720,7
721,7
722,6
723,9
724,6
725,6
726,6
727,4
728,7
729,8
730,4
731,6
732,9
733,9
734,7
735,1
736,7
737,5
738,6
739,9
740,9
741,6
742,6
743,7
744,8
745,0
746,2
747,6
748,9
749,4
750,5
751,0
752,2
753,8
754,7
755,5
756,7
757,4
758,7
759,3
760,8
761,5
762,9
763,6
764,6
765,9
766,2
767,9
768,5
769,1
770,9
771,4
772,6
773,9
774,7
775,6
776,2
777,6
778,2
779,3
780,8
781,5
782,9
783,5
784,6
785,4
786,6
787,9
788,6
789,4
790,7
791,8
792,7
793,6
794,6
795,6
796,0
797,6
798,6
799,8
800,7
801,0
802,6
803,6
804,6
805,9
806,0
807,7
808,7
809,7
810,0
811,6
812,2
813,5
814,5
815,6
816,9
817,9
818,0
819,4
820,6
821,2
822,7
823,0
824,7
825,5
826,5
827,9
828,5
829,9
830,0
831,7
832,6
833,7
834,9
835,0
836,4
837,7
838,4
839,9
840,5
841,7
842,6
843,7
844,5
845,6
846,6
847,0
848,6
849,9
850,4
851,8
852,5
853,6
854,7
855,7
856,2
857,4
858,4
859,7
860,8
861,6
862,5
863,2
864,8
865,4
866,7
867,9
868,5
869,9
870,7
871,7
872,7
873,7
874,6
875,0
876,2
877,7
878,5
879,7
880,7
881,7
882,6
883,6
884,6
885,5
886,7
887,8
888,6
889,6
890,1
891,9
892,9
893,0
894,2
895,9
896,3
897,9
898,8
899,9
900,6
901,6
902,7
903,9
904,6
905,8
906,6
907,9
908,3
909,5
910,7
911,4
912,7
913,6
914,7
915,2
916,8
917,9
918,6
919,3
920,6
921,6
922,8
923,6
924,6
925,6
926,7
927,7
928,7
929,8
930,7
931,9
932,8
933,0
934,7
935,6
936,9
937,8
938,8
939,7
940,2
941,5
942,6
943,0
944,9
945,0
946,6
947,0
948,2
949,8
950,6
951,7
952,6
953,0
954,7
955,7
956,5
957,7
958,6
959,6
960,6
961,5
962,5
963,6
964,0
965,9
966,6
967,6
968,9
969,6
970,8
971,9
972,6
973,2
974,7
975,6
976,2
977,7
978,8
979,4
980,6
981,9
982,9
983,2
984,5
985,6
986,0
987,9
988,7
989,5
990,4
991,6
992,7
993,5
994,0
995,0
996,7
997,4
998,5
999,4
1000,7
1001,7
1002,1
1003,6
1004,7
1005,6
1006,7
1007,6
1008,9
1009,0
1010,7
1011,6
1012,0
1013,9
1014,2
1015,6
1016,8
1017,1
1018,7
1019,6
1020,9
1021,7
1022,9
1023,8
1024,6
1025,7
1026,4
1027,6
1028,6
1029,6
1030,8
1031,3
1032,5
1033,5
1034,6
1035,9
1036,9
1037,7
1038,5
1039,9
1040,6
1041,7
1042,6
1043,6
1044,7
1045,7
1046,7
1047,9
1048,6
1049,0
1050,7
1051,4
1052,4
1053,9
1054,6
1055,6
1056,8
1057,7
1058,0
1059,6
1060,0
1061,9
1062,7
1063,4
1064,0
1065,0
1066,6
1067,6
1068,6
1069,3
1070,6
1071,7
1072,7
1073,7
1074,4
1075,9
1076,5
1077,5
1078,8
1079,6
1080,5
1081,9
1082,8
1083,9
1084,7
1085,6
1086,7
1087,5
1088,9
1089,6
1090,9
1091,7
1092,7
1093,0
1094,6
1095,9
1096,6
1097,5
1098,0
1099,7
1100,7
1101,4
1102,9
1103,9
1104,6
1105,7
1106,5
1107,0
1108,6
1109,7
1110,6
1111,9
1112,0
1113,0
1114,6
1115,8
1116,8
1117,7
1118,0
1119,7
1120,6
1121,5
1122,6
1123,6
1124,5
1125,9
1126,9
1127,7
1128,3
1129,7
1130,0
1131,0
1132,5
1133,5
1134,8
1135,5
1136,8
1137,9
1138,9
1139,8
1140,8
1141,6
1142,6
1143,7
1144,7
1145,4
1146,8
1147,3
1148,7
1149,6
1150,0
1151,7
1152,7
1153,9
1154,0
1155,6
1156,6
1157,9
1158,7
1159,7
1160,6
1161,9
1162,4
1163,6
1164,7
1165,6
1166,0
1167,5
1168,1
1169,5
1170,3
1171,8
1172,4
1173,9
1174,9
1175,6
1176,4
1177,9
1178,2
1179,4
1180,0
1181,6
1182,1
1183,7
1184,0
1185,0
1186,0
1187,9
1188,4
1189,7
1190,6
1191,5
1192,3
1193,2
1194,8
1195,7
1196,6
1197,8
1198,6
1199,7
1200,9
1201,7
1202,6
1203,7
1204,4
1205,6
1206,8
1207,8
1208,9
1209,0
1210,7
1211,4
1212,0
1213,5
1214,8
1215,6
1216,2
1217,5
1218,9
1219,7
1220,7
1221,4
1222,6
1223,7
1224,6
1225,6
1226,5
1227,8
1228,9
1229,8
1230,5
1231,7
1232,0
1233,4
1234,3
1235,5
1236,0
1237,0
1238,5
1239,6
1240,7
1241,7
1242,6
1243,0
1244,6
1245,6
1246,9
1247,7
1248,0
1249,8
1250,2
1251,5
1252,9
1253,8
1254,6
1255,0
1256,0
1257,4
1258,6
1259,8
1260,5
1261,7
1262,6
1263,3
1264,0
1265,8
1266,5
1267,5
1268,9
1269,6
1270,9
1271,6
1272,7
1273,7
1274,4
1275,7
1276,9
1277,2
1278,9
1279,9
1280,5
1281,7
1282,7
1283,5
1284,7
1285,5
1286,6
1287,0
1288,5
1289,7
1290,3
1291,9
1292,0
1293,0
1294,4
1295,2
1296,5
1297,6
1298,8
1299,6
1300,7
1301,9
1302,6
1303,7
1304,7
1305,6
1306,8
1307,2
1308,8
1309,5
1310,1
1311,2
1312,6
1313,9
1314,6
1315,6
1316,6
1317,6
1318,8
1319,6
1320,9
1321,6
1322,7
1323,8
1324,5
1325,4
1326,7
1327,7
1328,9
1329,6
1330,9
1331,4
1332,2
1333,7
1334,7
1335,0
1336,7
1337,0
1338,5
1339,4
1340,5
1341,6
1342,7
1343,7
1344,6
1345,6
1346,8
1347,6
1348,6
1349,8
1350,7
1351,5
1352,9
1353,0
1354,5
1355,6
1356,7
1357,9
1358,4
1359,9
1360,0
1361,7
1362,7
1363,9
1364,6
1365,9
1366,9
1367,7
1368,0
1369,6
1370,9
1371,8
1372,4
1373,0
1374,4
1375,7
1376,6
1377,6
1378,7
1379,7
1380,9
1381,0
1382,7
1383,5
1384,8
1385,7
1386,7
1387,9
1388,2
1389,0
1390,6
1391,0
1392,7
1393,6
1394,9
1395,6
1396,7
1397,7
1398,5
1399,6
1400,8
1401,9
1402,7
1403,5
1404,2
1405,7
1406,5
1407,7
1408,4
1409,0
1410,2
1411,8
1412,7
1413,9
1414,9
1415,0
1416,7
1417,7
1418,9
1419,9
1420,9
1421,9
1422,0
1423,6
1424,6
1425,6
1426,4
1427,5
1428,6
1429,8
1430,8
1431,7
1432,6
1433,8
1434,6
1435,5
1436,9
1437,9
1438,8
1439,6
1440,7
1441,6
1442,6
1443,9
1444,7
1445,0
1446,7
1447,7
1448,9
1449,9
1450,6
1451,6
1452,7
1453,8
1454,7
1455,8
1456,7
1457,2
1458,0
1459,0
1460,6
1461,7
1462,7
1463,7
1464,7
1465,6
1466,6
1467,8
1468,8
1469,7
1470,6
1471,6
1472,9
1473,4
1474,0
1475,5
1476,7
1477,7
1478,4
1479,7
1480,7
1481,9
1482,6
1483,5
1484,0
1485,7
1486,0
1487,7
1488,0
1489,8
1490,5
1491,6
1492,9
1493,9
1494,2
1495,2
1496,5
1497,7
1498,4
1499,0
1500,9
1501,7
1502,2
1503,6
1504,5
1505,2
1506,4
1507,6
1508,6
1509,7
1510,7
1511,6
1512,7
1513,7
1514,3
1515,8
1516,2
1517,7
1518,0
1519,6
1520,7
1521,9
1522,9
1523,9
1524,0
1525,7
1526,7
1527,7
1528,6
1529,9
1530,6
1531,9
1532,7
1533,5
1534,9
1535,7
1536,0
1537,5
1538,7
1539,2
1540,6
1541,9
1542,5
1543,9
1544,6
1545,0
1546,7
1547,6
1548,7
1549,5
1550,7
1551,9
1552,7
1553,7
1554,6
1555,6
1556,7
1557,9
1558,9
1559,6
1560,7
1561,9
1562,4
1563,5
1564,6
1565,6
1566,4
1567,6
1568,5
1569,8
1570,6
1571,1
1572,5
1573,0
1574,0
1575,7
1576,7
1577,5
1578,6
1579,4
1580,7
1581,7
1582,6
1583,8
1584,8
1585,0
1586,4
1587,7
1588,0
1589,4
1590,6
1591,6
1592,7
1593,9
1594,2
1595,6
1596,8
1597,7
1598,6
1599,8
1600,6
1601,7
1602,3
1603,6
1604,0
1605,0
1606,7
1607,7
1608,2
1609,6
1610,6
1611,7
1612,5
1613,9
1614,9
1615,0
1616,9
1617,6
1618,2
1619,6
1620,6
1621,6
1622,6
1623,7
1624,5
1625,9
1626,0
1627,0
1628,2
1629,6
1630,6
1631,5
1632,0
1633,7
1634,6
1635,2
1636,5
1637,7
1638,6
1639,8
1640,2
1641,0
1642,0
1643,6
1644,9
1645,7
1646,0
1647,7
1648,1
1649,2
1650,9
1651,9
1652,5
1653,6
1654,6
1655,2
1656,3
1657,6
1658,9
1659,6
1660,7
1661,6
1662,8
1663,7
1664,7
1665,8
1666,4
1667,5
1668,8
1669,4
1670,0
1671,9
1672,6
1673,0
1674,8
1675,7
1676,1
1677,4
1678,7
1679,6
1680,2
1681,6
1682,7
1683,0
1684,0
1685,7
1686,2
1687,6
1688,9
1689,8
1690,8
1691,9
1692,4
1693,0
1694,6
1695,5
1696,2
1697,6
1698,6
1699,5
1700,6
1701,6
1702,0
1703,6
1704,5
1705,0
1706,7
1707,8
1708,7
1709,6
1710,9
1711,8
1712,7
1713,0
1714,0
1715,7
1716,7
1717,8
1718,6
1719,7
1720,9
1721,9
1722,7
1723,7
1724,6
1725,4
1726,6
1727,6
1728,7
1729,0
1730,5
1731,5
1732,0
1733,9
1734,3
1735,0
1736,3
1737,6
1738,4
1739,2
1740,7
1741,6
1742,2
1743,8
1744,0
1745,9
1746,0
1747,5
1748,6
1749,7
1750,9
1751,0
1752,7
1753,7
1754,9
1755,6
1756,5
1757,7
1758,6
1759,6
1760,2
1761,6
1762,5
1763,7
1764,6
1765,6
1766,6
1767,7
1768,6
1769,7
1770,2
1771,8
1772,6
1773,7
1774,9
1775,7
1776,7
1777,2
1778,7
1779,9
1780,6
1781,6
1782,6
1783,2
1784,2
1785,6
1786,6
1787,7
1788,7
1789,9
1790,6
1791,5
1792,5
1793,6
1794,9
1795,5
1796,8
1797,7
1798,7
1799,4
1800,9
1801,7
1802,0
1803,0
1804,0
1805,2
1806,5
1807,6
1808,0
1809,7
1810,7
1811,6
1812,7
1813,5
1814,6
1815,6
1816,7
1817,7
1818,0
1819,6
1820,7
1821,7
1822,6
1823,0
1824,0
1825,7
1826,2
1827,0
1828,6
1829,4
1830,9
1831,7
1832,5
1833,7
1834,6
1835,8
1836,6
1837,7
1838,7
1839,4
1840,9
1841,9
1842,6
1843,7
1844,6
1845,8
1846,8
1847,7
1848,8
1849,6
1850,9
1851,9
1852,7
1853,8
1854,0
1855,7
1856,5
1857,7
1858,8
1859,4
1860,6
1861,2
1862,7
1863,7
1864,8
1865,5
1866,7
1867,6
1868,7
1869,9
1870,7
1871,7
1872,6
1873,0
1874,0
1875,6
1876,6
1877,0
1878,8
1879,5
1880,0
1881,9
1882,7
1883,9
1884,9
1885,2
1886,6
1887,0
1888,2
1889,6
1890,7
1891,6
1892,7
1893,5
1894,6
1895,4
1896,6
1897,7
1898,6
1899,7
1900,5
1901,5
1902,9
1903,9
1904,9
1905,5
1906,7
1907,1
1908,8
1909,6
1910,4
1911,0
1912,5
1913,7
1914,6
1915,5
1916,8
1917,8
1918,7
1919,2
1920,9
1921,8
1922,8
1923,7
1924,5
1925,7
1926,7
1927,0
1928,9
1929,0
1930,6
1931,6
1932,9
1933,2
1934,8
1935,6
1936,6
1937,9
1938,7
1939,6
1940,1
1941,4
1942,2
1943,0
1944,9
1945,6
1946,7
1947,5
1948,7
1949,0
1950,6
1951,7
1952,2
1953,7
1954,4
1955,9
1956,7
1957,9
1958,0
1959,7
1960,7
1961,0
1962,7
1963,5
1964,9
1965,6
1966,0
1967,7
1968,5
1969,6
1970,9
1971,9
1972,4
1973,5
1974,9
1975,7
1976,0
1977,7
1978,4
1979,9
1980,6
1981,6
1982,3
1983,8
1984,5
1985,6
1986,7
1987,6
1988,4
1989,6
1990,6
1991,7
1992,6
1993,6
1994,0
1995,7
1996,7
1997,4
1998,9
1999,7
2000,9
2001,0
2002,9
2003,7
2004,9
2005,6
2006,7
2007,5
2008,8
2009,7
2010,9
2011,9
2012,5
2013,7
2014,4
2015,8
2016,7
2017,0
2018,4
2019,6
2020,9
2021,7
2022,6
2023,6
2024,5
2025,0
2026,5
2027,7
2028,7
2029,0
2030,6
2031,9
2032,4
2033,2
2034,6
2035,4
2036,2
2037,4
2038,7
2039,7
2040,8
2041,7
2042,7
2043,6
2044,9
2045,0
2046,6
2047,9
2048,5
2049,9
2050,5
2051,8
2052,6
2053,6
2054,6
2055,5
2056,5
2057,7
2058,9
2059,7
2060,4
2061,0
2062,7
2063,7
2064,6
2065,9
2066,7
2067,7
2068,2
2069,0
2070,7
2071,6
2072,7
2073,6
2074,6
2075,7
2076,9
2077,6
2078,9
2079,6
2080,7
2081,7
2082,0
2083,7
2084,6
2085,9
2086,7
2087,6
2088,7
2089,4
2090,1
2091,6
2092,9
2093,6
2094,5
2095,9
2096,2
2097,5
2098,6
2099,7
2100,4
2101,0
2102,6
2103,6
2104,2
2105,4
2106,1
2107,0
2108,7
2109,0
2110,6
2111,5
2112,5
2113,4
2114,2
2115,8
2116,5
2117,7
2118,9
2119,6
2120,6
2121,7
2122,7
2123,6
2124,7
2125,7
2126,5
2127,6
2128,6
2129,7
2130,6
2131,6
2132,6
2133,0
2134,6
2135,7
2136,9
2137,6
2138,7
2139,7
2140,0
2141,6
2142,5
2143,5
2144,0
2145,0
2146,9
2147,0
2148,7
2149,6
2150,7
2151,5
2152,7
2153,6
2154,9
2155,6
2156,6
2157,7
2158,6
2159,8
2160,7
2161,6
2162,7
2163,5
2164,5
2165,7
2166,8
2167,6
2168,0
2169,9
2170,2
2171,8
2172,2
2173,6
2174,6
2175,7
2176,6
2177,9
2178,9
2179,7
2180,7
2181,4
2182,5
2183,9
2184,6
2185,6
2186,9
2187,9
2188,4
2189,0
2190,9
2191,6
2192,9
2193,1
2194,4
2195,9
2196,6
2197,2
2198,7
2199,8
2200,4
2201,7
2202,8
2203,6
2204,9
2205,4
2206,7
2207,9
2208,6
2209,9
2210,7
2211,5
2212,0
2213,2
2214,5
2215,7
2216,7
2217,7
2218,2
2219,5
2220,4
2221,0
2222,7
2223,8
2224,6
2225,9
2226,6
2227,6
2228,2
2229,5
2230,0
2231,7
2232,6
2233,2
2234,6
2235,6
2236,5
2237,1
2238,6
2239,6
2240,7
2241,9
2242,7
2243,6
2244,7
2245,9
2246,7
2247,4
2248,6
2249,6
2250,6
2251,6
2252,5
2253,5
2254,9
2255,7
2256,7
2257,5
2258,8
2259,0
2260,6
2261,0
2262,6
2263,6
2264,7
2265,6
2266,7
2267,0
2268,6
2269,8
2270,6
2271,7
2272,6
2273,5
2274,8
2275,7
2276,9
2277,8
2278,7
2279,6
2280,4
2281,6
2282,6
2283,1
2284,7
2285,6
2286,5
2287,6
2288,5
2289,7
2290,2
2291,5
2292,7
2293,7
2294,7
2295,8
2296,7
2297,5
2298,5
2299,6
2300,4
2301,9
2302,7
2303,5
2304,6
2305,0
2306,6
2307,7
2308,9
2309,7
2310,7
2311,7
2312,8
2313,2
2314,7
2315,9
2316,8
2317,5
2318,8
2319,0
2320,6
2321,0
2322,7
2323,8
2324,0
2325,8
2326,7
2327,0
2328,7
2329,5
2330,2
2331,6
2332,6
2333,7
2334,7
2335,8
2336,6
2337,5
2338,7
2339,6
2340,5
2341,7
2342,6
2343,5
2344,6
2345,6
2346,6
2347,7
2348,9
2349,6
2350,6
2351,9
2352,7
2353,0
2354,4
2355,6
2356,9
2357,0
2358,8
2359,6
2360,5
2361,6
2362,0
2363,6
2364,7
2365,2
2366,5
2367,4
2368,2
2369,9
2370,6
2371,0
2372,5
2373,7
2374,8
2375,0
2376,5
2377,5
2378,7
2379,9
2380,7
2381,7
2382,0
2383,7
2384,4
2385,8
2386,0
2387,8
2388,7
2389,5
2390,6
2391,7
2392,6
2393,7
2394,0
2395,6
2396,7
2397,6
2398,9
2399,2
2400,7
2401,9
2402,6
2403,7
2404,8
2405,8
2406,0
2407,7
2408,6
2409,2
2410,7
2411,5
2412,2
2413,2
2414,2
2415,5
2416,1
2417,5
2418,9
2419,7
2420,0
2421,6
2422,7
2423,6
2424,7
2425,7
2426,6
2427,8
2428,9
2429,0
2430,2
2431,6
2432,6
2433,9
2434,6
2435,5
2436,7
2437,5
2438,6
2439,7
2440,6
2441,8
2442,8
2443,3
2444,6
2445,7
2446,7
2447,8
2448,2
2449,4
2450,5
2451,7
2452,2
2453,6
2454,6
2455,7
2456,2
2457,6
2458,9
2459,0
2460,6
2461,0
2462,4
2463,6
2464,8
2465,9
2466,7
2467,7
2468,0
2469,5
2470,7
2471,9
2472,0
2473,6
2474,7
2475,6
2476,7
2477,7
2478,6
2479,9
2480,0
2481,9
2482,5
2483,9
2484,4
2485,6
2486,6
2487,9
2488,7
2489,7
2490,6
2491,9
2492,2
2493,7
2494,6
2495,7
2496,4
2497,6
2498,6
2499,6
2500,5
2501,0
2502,3
2503,6
2504,2
2505,6
2506,9
2507,9
2508,7
2509,4
2510,7
2511,7
2512,7
2513,3
2514,2
2515,5
2516,6
2517,9
2518,5
2519,7
2520,0
2521,7
2522,7
2523,2
2524,1
2525,5
2526,0
2527,7
2528,8
2529,8
2530,6
2531,7
2532,4
2533,9
2534,3
2535,7
2536,7
2537,4
2538,7
2539,6
2540,9
2541,0
2542,5
2543,6
2544,7
2545,5
2546,9
2547,6
2548,7
2549,7
2550,6
2551,0
2552,5
2553,7
2554,7
2555,6
2556,9
2557,6
2558,6
2559,0
2560,7
2561,6
2562,6
2563,5
2564,8
2565,6
2566,2
2567,7
2568,6
2569,3
2570,8
2571,0
2572,6
2573,5
2574,2
2575,7
2576,4
2577,4
2578,7
2579,6
2580,4
2581,7
2582,6
2583,6
2584,8
2585,5
2586,6
2587,9
2588,7
2589,6
2590,7
2591,4
2592,8
2593,6
2594,8
2595,4
2596,0
2597,5
2598,9
2599,6
2600,8
2601,5
2602,7
2603,7
2604,4
2605,7
2606,6
2607,7
2608,9
2609,9
2610,6
2611,5
2612,9
2613,8
2614,5
2615,5
2616,7
2617,7
2618,6
2619,1
2620,9
2621,6
2622,6
2623,7
2624,6
2625,8
2626,7
2627,9
2628,6
2629,6
2630,7
2631,6
2632,7
2633,9
2634,0
2635,9
2636,8
2637,5
2638,8
2639,9
2640,6
2641,5
2642,5
2643,5
2644,8
2645,6
2646,9
2647,6
2648,6
2649,0
2650,6
2651,0
2652,2
2653,5
2654,7
2655,2
2656,7
2657,7
2658,2
2659,8
2660,4
2661,6
2662,0
2663,0
2664,6
2665,5
2666,8
2667,0
2668,6
2669,8
2670,7
2671,7
2672,9
2673,2
2674,6
2675,8
2676,7
2677,5
2678,8
2679,6
2680,5
2681,4
2682,7
2683,0
2684,8
2685,7
2686,5
2687,6
2688,9
2689,2
2690,6
2691,6
2692,6
2693,2
2694,7
2695,4
2696,6
2697,4
2698,0
2699,6
2700,8
2701,9
2702,6
2703,7
2704,7
2705,6
2706,0
2707,9
2708,5
2709,8
2710,4
2711,7
2712,6
2713,6
2714,0
2715,0
2716,6
2717,7
2718,9
2719,6
2720,7
2721,7
2722,7
2723,0
2724,0
2725,4
2726,7
2727,4
2728,0
2729,7
2730,9
2731,7
2732,7
2733,6
2734,6
2735,5
2736,6
2737,5
2738,6
2739,5
2740,6
2741,9
2742,0
2743,0
2744,6
2745,5
2746,6
2747,7
2748,6
2749,9
2750,9
2751,0
2752,0
2753,7
2754,7
2755,4
2756,7
2757,4
2758,6
2759,6
2760,9
2761,7
2762,5
2763,6
2764,5
2765,3
2766,6
2767,7
2768,6
2769,7
2770,2
2771,6
2772,6
2773,6
2774,0
2775,0
2776,3
2777,7
2778,9
2779,6
2780,7
2781,7
2782,5
2783,8
2784,6
2785,6
2786,7
2787,0
2788,8
2789,0
2790,7
2791,7
2792,4
2793,7
2794,2
2795,1
2796,6
2797,6
2798,6
2799,9
2800,8
2801,7
2802,7
2803,6
2804,7
2805,9
2806,6
2807,4
2808,7
2809,8
2810,4
2811,7
2812,7
2813,7
2814,8
2815,9
2816,6
2817,9
2818,2
2819,6
2820,9
2821,8
2822,8
2823,9
2824,7
2825,4
2826,6
2827,9
2828,7
2829,2
2830,7
2831,8
2832,1
2833,4
2834,0
2835,5
2836,7
2837,7
2838,9
2839,9
2840,7
2841,5
2842,6
2843,5
2844,2
2845,7
2846,7
2847,6
2848,0
2849,6
2850,8
2851,7
2852,7
2853,6
2854,5
2855,2
2856,8
2857,5
2858,5
2859,5
2860,7
2861,9
2862,0
2863,7
2864,1
2865,9
2866,0
2867,9
2868,9
2869,4
2870,6
2871,4
2872,7
2873,6
2874,2
2875,6
2876,2
2877,0
2878,3
2879,9
2880,7
2881,7
2882,9
2883,0
2884,4
2885,9
2886,4
2887,3
2888,6
2889,7
2890,5
2891,6
2892,8
2893,7
2894,0
2895,6
2896,9
2897,6
2898,4
2899,1
2900,6
2901,2
2902,7
2903,8
2904,6
2905,5
2906,1
2907,2
2908,7
2909,4
2910,5
2911,7
2912,4
2913,2
2914,6
2915,9
2916,7
2917,7
2918,4
2919,4
2920,7
2921,0
2922,7
2923,5
2924,8
2925,7
2926,0
2927,8
2928,2
2929,8
2930,6
2931,6
2932,8
2933,5
2934,4
2935,6
2936,7
2937,7
2938,8
2939,7
2940,5
2941,5
2942,5
2943,0
2944,9
2945,2
2946,4
2947,9
2948,0
2949,5
2950,9
2951,6
2952,0
2953,9
2954,6
2955,0
2956,2
2957,6
2958,9
2959,7
2960,5
2961,9
2962,9
2963,7
2964,7
2965,8
2966,6
2967,7
2968,5
2969,8
2970,9
2971,9
2972,4
2973,1
2974,7
2975,9
2976,9
2977,7
2978,6
2979,7
2980,2
2981,9
2982,6
2983,6
2984,0
2985,6
2986,5
2987,9
2988,8
2989,6
2990,6
2991,0
2992,7
2993,7
2994,9
2995,6
2996,2
2997,0
2998,7
2999,9
3000,5
3001,6
3002,7
3003,5
3004,0
3005,8
3006,8
3007,9
3008,6
3009,7
3010,7
3011,9
3012,0
3013,7
3014,5
3015,0
3016,4
3017,6
3018,6
3019,4
3020,6
3021,4
3022,6
3023,7
3024,0
3025,0
3026,9
3027,6
3028,9
3029,6
3030,5
3031,6
3032,7
3033,6
3034,2
3035,3
3036,7
3037,7
3038,7
3039,6
3040,5
3041,6
3042,6
3043,5
3044,7
3045,4
3046,0
3047,0
3048,5
3049,6
3050,6
3051,0
3052,7
3053,6
3054,6
3055,6
3056,7
3057,4
3058,2
3059,8
3060,2
3061,7
3062,7
3063,9
3064,6
3065,5
3066,7
3067,9
3068,7
3069,2
3070,2
3071,8
3072,2
3073,7
3074,6
3075,7
3076,9
3077,7
3078,2
3079,9
3080,0
3081,2
3082,7
3083,0
3084,6
3085,8
3086,7
3087,7
3088,8
3089,4
3090,6
3091,7
3092,8
3093,8
3094,0
3095,2
3096,0
3097,0
3098,7
3099,9
3100,7
3101,6
3102,2
3103,0
3104,7
3105,7
3106,0
3107,7
3108,8
3109,4
3110,0
3111,7
3112,4
3113,7
3114,7
3115,2
3116,5
3117,6
3118,6
3119,5
3120,5
3121,4
3122,0
3123,5
3124,3
3125,8
3126,8
3127,6
3128,9
3129,0
3130,9
3131,0
3132,6
3133,5
3134,5
3135,6
3136,7
3137,6
3138,7
3139,9
3140,9
3141,2
3142,7
3143,6
3144,7
3145,7
3146,0
3147,7
3148,7
3149,7
3150,8
3151,5
3152,5
3153,6
3154,9
3155,7
3156,7
3157,0
3158,7
3159,2
3160,3
3161,7
3162,5
3163,7
3164,5
3165,5
3166,6
3167,6
3168,3
3169,7
3170,9
3171,0
3172,7
3173,0
3174,6
3175,6
3176,7
3177,8
3178,6
3179,5
3180,1
3181,2
3182,6
3183,4
3184,5
3185,7
3186,2
3187,0
3188,0
3189,7
3190,7
3191,4
3192,6
3193,8
3194,6
3195,5
3196,2
3197,6
3198,9
3199,9
3200,7
3201,6
3202,5
3203,9
3204,5
3205,5
3206,8
3207,6
3208,5
3209,8
3210,5
3211,8
3212,7
3213,7
3214,6
3215,6
3216,7
3217,7
3218,9
3219,7
3220,7
3221,5
3222,8
3223,4
3224,7
3225,2
3226,6
3227,6
3228,7
3229,6
3230,7
3231,6
3232,6
3233,4
3234,9
3235,5
3236,9
3237,5
3238,6
3239,7
3240,6
3241,8
3242,6
3243,6
3244,9
3245,7
3246,0
3247,6
3248,8
3249,7
3250,0
3251,4
3252,9
3253,8
3254,2
3255,6
3256,0
3257,0
3258,5
3259,7
3260,6
3261,3
3262,6
3263,5
3264,8
3265,6
3266,7
3267,6
3268,0
3269,6
3270,7
3271,9
3272,0
3273,4
3274,7
3275,6
3276,9
3277,8
3278,5
3279,7
3280,4
3281,7
3282,4
3283,0
3284,6
3285,2
3286,3
3287,5
3288,5
3289,6
3290,6
3291,7
3292,9
3293,6
3294,6
3295,4
3296,8
3297,2
3298,8
3299,7
3300,6
3301,8
3302,6
3303,6
3304,6
3305,6
3306,2
3307,6
3308,9
3309,6
3310,2
3311,6
3312,8
3313,6
3314,7
3315,4
3316,6
3317,8
3318,4
3319,5
3320,6
3321,5
3322,8
3323,0
3324,9
3325,4
3326,7
3327,6
3328,9
3329,1
3330,7
3331,7
3332,0
3333,7
3334,9
3335,1
3336,9
3337,6
3338,7
3339,5
3340,4
3341,7
3342,0
3343,5
3344,6
3345,9
3346,1
3347,8
3348,7
3349,9
3350,9
3351,6
3352,8
3353,5
3354,9
3355,8
3356,6
3357,6
3358,0
3359,5
3360,7
3361,9
3362,7
3363,8
3364,6
3365,4
3366,0
3367,0
3368,7
3369,4
3370,7
3371,0
3372,8
3373,7
3374,7
3375,9
3376,7
3377,0
3378,6
3379,7
3380,0
3381,7
3382,7
3383,0
3384,7
3385,6
3386,6
3387,8
3388,9
3389,6
3390,6
3391,6
3392,6
3393,9
3394,7
3395,5
3396,6
3397,7
3398,5
3399,5
3400,9
3401,9
3402,0
3403,6
3404,9
3405,9
3406,7
3407,9
3408,7
3409,0
3410,5
3411,9
3412,6
3413,7
3414,7
3415,8
3416,3
3417,8
3418,7
3419,9
3420,0
3421,6
3422,7
3423,7
3424,9
3425,6
3426,6
3427,4
3428,5
3429,8
3430,8
3431,6
3432,8
3433,6
3434,7
3435,2
3436,6
3437,6
3438,8
3439,7
3440,0
3441,7
3442,0
3443,0
3444,6
3445,7
3446,7
3447,7
3448,2
3449,6
3450,5
3451,9
3452,7
3453,8
3454,0
3455,4
3456,9
3457,0
3458,7
3459,6
3460,7
3461,7
3462,6
3463,6
3464,6
3465,6
3466,5
3467,6
3468,8
3469,6
3470,5
3471,8
3472,5
3473,9
3474,7
3475,6
3476,8
3477,4
3478,7
3479,7
3480,0
3481,7
3482,6
3483,8
3484,9
3485,9
3486,6
3487,5
3488,6
3489,7
3490,9
3491,6
3492,6
3493,0
3494,1
3495,7
3496,7
3497,7
3498,0
3499,4
3500,6
3501,7
3502,8
3503,7
3504,9
3505,3
3506,6
3507,0
3508,7
3509,3
3510,9
3511,8
3512,6
3513,3
3514,9
3515,6
3516,7
3517,4
3518,7
3519,0
3520,3
3521,5
3522,9
3523,6
3524,6
3525,7
3526,9
3527,5
3528,8
3529,5
3530,6
3531,6
3532,2
3533,2
3534,7
3535,7
3536,0
3537,2
3538,2
3539,6
3540,2
3541,5
3542,9
3543,1
3544,0
3545,0
3546,5
3547,6
3548,6
3549,0
3550,9
3551,7
3552,7
3553,6
3554,8
3555,2
3556,7
3557,7
3558,0
3559,2
3560,7
3561,5
3562,7
3563,5
3564,0
3565,8
3566,5
3567,5
3568,6
3569,6
3570,2
3571,7
3572,7
3573,7
3574,7
3575,6
3576,8
3577,9
3578,4
3579,0
3580,0
3581,7
3582,7
3583,5
3584,1
3585,5
3586,8
3587,5
3588,6
3589,5
3590,0
3591,6
3592,7
3593,7
3594,4
3595,5
3596,7
3597,6
3598,9
3599,6
3600,5
3601,9
3602,6
3603,5
3604,9
3605,6
3606,6
3607,9
3608,6
3609,1
3610,6
3611,7
3612,6
3613,9
3614,0
3615,8
3616,4
3617,7
3618,8
3619,6
3620,8
3621,7
3622,6
3623,5
3624,4
3625,6
3626,6
3627,6
3628,6
3629,7
3630,9
3631,6
3632,6
3633,8
3634,9
3635,6
3636,7
3637,9
3638,8
3639,2
3640,4
3641,1
3642,6
3643,8
3644,7
3645,9
3646,9
3647,5
3648,6
3649,7
3650,0
3651,7
3652,0
3653,9
3654,5
3655,6
3656,5
3657,7
3658,9
3659,6
3660,7
3661,2
3662,0
3663,6
3664,0
3665,8
3666,6
3667,0
3668,6
3669,0
3670,7
3671,0
3672,3
3673,8
3674,7
3675,7
3676,7
3677,6
3678,6
3679,5
3680,9
3681,7
3682,7
3683,7
3684,4
3685,7
3686,7
3687,6
3688,5
3689,8
3690,9
3691,6
3692,9
3693,0
3694,7
3695,9
3696,6
3697,6
3698,0
3699,6
3700,5
3701,0
3702,7
3703,6
3704,2
3705,6
3706,9
3707,1
3708,0
3709,7
3710,1
3711,8
3712,0
3713,7
3714,5
3715,9
3716,4
3717,9
3718,7
3719,7
3720,9
3721,6
3722,0
3723,4
3724,7
3725,2
3726,4
3727,9
3728,6
3729,6
3730,5
3731,6
3732,0
3733,7
3734,6
3735,6
3736,9
3737,6
3738,0
3739,0
3740,6
3741,7
3742,2
3743,7
3744,8
3745,0
3746,7
3747,7
3748,7
3749,2
3750,9
3751,7
3752,6
3753,6
3754,6
3755,7
3756,5
3757,0
3758,6
3759,6
3760,6
3761,2
3762,7
3763,9
3764,7
3765,8
3766,6
3767,4
3768,7
3769,5
3770,5
3771,8
3772,6
3773,6
3774,9
3775,5
3776,4
3777,6
3778,7
3779,8
3780,6
3781,9
3782,7
3783,4
3784,6
3785,7
3786,2
3787,7
3788,4
3789,6
3790,6
3791,5
3792,0
3793,7
3794,9
3795,4
3796,7
3797,5
3798,6
3799,0
3800,2
3801,5
3802,6
3803,6
3804,7
3805,7
3806,6
3807,7
3808,7
3809,9
3810,9
3811,7
3812,7
3813,2
3814,2
3815,6
3816,8
3817,0
3818,6
3819,7
3820,9
3821,5
3822,7
3823,4
3824,4
3825,9
3826,0
3827,6
3828,6
3829,8
3830,0
3831,7
3832,0
3833,9
3834,7
3835,0
3836,7
3837,5
3838,0
3839,4
3840,2
3841,4
3842,7
3843,8
3844,0
3845,6
3846,4
3847,2
3848,4
3849,1
3850,0
3851,5
3852,6
3853,0
3854,7
3855,7
3856,6
3857,8
3858,6
3859,5
3860,8
3861,7
3862,5
3863,7
3864,7
3865,0
3866,4
3867,6
3868,7
3869,6
3870,5
3871,6
3872,6
3873,9
3874,9
3875,7
3876,0
3877,6
3878,5
3879,0
3880,7
3881,0
3882,6
3883,7
3884,6
3885,6
3886,7
3887,0
3888,0
3889,7
3890,7
3891,7
3892,6
3893,7
3894,0
3895,7
3896,6
3897,3
3898,4
3899,6
3900,7
3901,5
3902,0
3903,7
3904,7
3905,7
3906,9
3907,7
3908,7
3909,6
3910,7
3911,9
3912,7
3913,6
3914,7
3915,5
3916,4
3917,6
3918,6
3919,7
3920,5
3921,6
3922,2
3923,6
3924,6
3925,8
3926,6
3927,6
3928,7
3929,7
3930,7
3931,7
3932,6
3933,0
3934,8
3935,4
3936,6
3937,6
3938,4
3939,0
3940,7
3941,0
3942,5
3943,0
3944,0
3945,7
3946,0
3947,7
3948,6
3949,4
3950,8
3951,6
3952,9
3953,0
3954,5
3955,9
3956,6
3957,9
3958,6
3959,6
3960,6
3961,7
3962,9
3963,9
3964,7
3965,5
3966,9
3967,7
3968,8
3969,7
3970,5
3971,6
3972,5
3973,9
3974,5
3975,6
3976,6
3977,3
3978,6
3979,7
3980,6
3981,7
3982,7
3983,9
3984,6
3985,7
3986,8
3987,8
3988,9
3989,6
3990,6
3991,5
3992,6
3993,6
3994,6
3995,6
3996,0
3997,9
3998,7
3999,7
4000,6
4001,8
4002,9
4003,5
4004,0
4005,7
4006,2
4007,6
4008,5
4009,9
4010,6
4011,7
4012,7
4013,6
4014,7
4015,4
4016,6
4017,0
4018,0
4019,7
4020,1
4021,5
4022,5
4023,0
4024,4
4025,5
4026,5
4027,5
4028,7
4029,7
4030,7
4031,6
4032,7
4033,7
4034,6
4035,9
4036,9
4037,6
4038,0
4039,8
4040,2
4041,6
4042,6
4043,2
4044,7
4045,5
4046,9
4047,5
4048,4
4049,5
4050,9
4051,7
4052,8
4053,9
4054,5
4055,0
4056,6
4057,4
4058,9
4059,5
4060,2
4061,6
4062,7
4063,0
4064,7
4065,6
4066,6
4067,4
4068,3
4069,5
4070,6
4071,8
4072,5
4073,4
4074,7
4075,6
4076,9
4077,0
4078,9
4079,7
4080,7
4081,0
4082,7
4083,5
4084,0
4085,8
4086,5
4087,6
4088,8
4089,5
4090,4
4091,0
4092,7
4093,6
4094,0
4095,9
4096,6
4097,6
4098,4
4099,9
4100,6
4101,4
4102,9
4103,5
4104,9
4105,6
4106,9
4107,6
4108,6
4109,8
4110,0
4111,7
4112,7
4113,9
4114,4
4115,6
4116,2
4117,4
4118,7
4119,2
4120,9
4121,7
4122,4
4123,9
4124,6
4125,6
4126,5
4127,6
4128,2
4129,0
4130,8
4131,6
4132,6
4133,5
4134,9
4135,9
4136,9
4137,6
4138,9
4139,6
4140,6
4141,8
4142,6
4143,6
4144,6
4145,9
4146,7
4147,5
4148,6
4149,0
4150,6
4151,7
4152,6
4153,8
4154,7
4155,7
4156,6
4157,0
4158,7
4159,5
4160,4
4161,0
4162,8
4163,2
4164,7
4165,6
4166,7
4167,2
4168,7
4169,3
4170,6
4171,6
4172,9
4173,4
4174,7
4175,9
4176,8
4177,8
4178,7
4179,7
4180,0
4181,7
4182,9
4183,7
4184,6
4185,6
4186,6
4187,7
4188,7
4189,6
4190,6
4191,9
4192,6
4193,6
4194,9
4195,7
4196,6
4197,0
4198,9
4199,0
4200,9
4201,2
4202,5
4203,6
4204,5
4205,6
4206,9
4207,4
4208,6
4209,7
4210,7
4211,6
4212,6
4213,8
4214,6
4215,5
4216,7
4217,5
4218,9
4219,7
4220,5
4221,8
4222,6
4223,7
4224,9
4225,9
4226,5
4227,6
4228,6
4229,9
4230,7
4231,6
4232,5
4233,9
4234,7
4235,5
4236,7
4237,6
4238,7
4239,1
4240,9
4241,7
4242,7
4243,7
4244,9
4245,6
4246,6
4247,0
4248,9
4249,6
4250,6
4251,5
4252,8
4253,0
4254,6
4255,6
4256,9
4257,4
4258,6
4259,8
4260,0
4261,4
4262,7
4263,5
4264,2
4265,5
4266,9
4267,6
4268,5
4269,9
4270,7
4271,4
4272,8
4273,6
4274,4
4275,7
4276,9
4277,5
4278,9
4279,7
4280,1
4281,4
4282,9
4283,7
4284,8
4285,5
4286,7
4287,5
4288,6
4289,2
4290,2
4291,7
4292,6
4293,6
4294,6
4295,9
4296,7
4297,6
4298,6
4299,9
4300,0
4301,0
4302,0
4303,5
4304,6
4305,6
4306,6
4307,5
4308,7
4309,8
4310,6
4311,8
4312,6
4313,4
4314,7
4315,7
4316,8
4317,9
4318,8
4319,9
4320,0
4321,8
4322,9
4323,5
4324,8
4325,8
4326,9
4327,7
4328,2
4329,3
4330,5
4331,9
4332,6
4333,2
4334,5
4335,2
4336,9
4337,6
4338,5
4339,9
4340,6
4341,7
4342,7
4343,9
4344,8
4345,0
4346,7
4347,0
4348,9
4349,0
4350,4
4351,6
4352,9
4353,0
4354,0
4355,6
4356,7
4357,2
4358,4
4359,7
4360,6
4361,5
4362,8
4363,7
4364,6
4365,6
4366,4
4367,7
4368,7
4369,9
4370,6
4371,9
4372,9
4373,4
4374,2
4375,7
4376,7
4377,8
4378,6
4379,6
4380,7
4381,4
4382,9
4383,6
4384,0
4385,9
4386,0
4387,7
4388,7
4389,5
4390,7
4391,6
4392,4
4393,7
4394,6
4395,9
4396,0
4397,7
4398,9
4399,7
4400,8
4401,7
4402,8
4403,5
4404,7
4405,9
4406,5
4407,6
4408,5
4409,7
4410,7
4411,5
4412,0
4413,9
4414,9
4415,8
4416,5
4417,6
4418,0
4419,6
4420,5
4421,5
4422,9
4423,7
4424,7
4425,7
4426,5
4427,7
4428,6
4429,7
4430,7
4431,5
4432,5
4433,5
4434,7
4435,9
4436,6
4437,8
4438,7
4439,6
4440,8
4441,7
4442,7
4443,7
4444,9
4445,5
4446,9
4447,7
4448,6
4449,7
4450,6
4451,0
4452,8
4453,6
4454,5
4455,4
4456,8
4457,6
4458,7
4459,6
4460,8
4461,5
4462,6
4463,7
4464,6
4465,8
4466,6
4467,9
4468,9
4469,7
4470,7
4471,6
4472,6
4473,7
4474,9
4475,9
4476,2
4477,5
4478,7
4479,8
4480,2
4481,0
4482,8
4483,2
4484,6
4485,9
4486,9
4487,6
4488,7
4489,7
4490,5
4491,6
4492,4
4493,7
4494,6
4495,7
4496,3
4497,7
4498,7
4499,9
4500,7
4501,8
4502,6
4503,9
4504,5
4505,4
4506,7
4507,3
4508,7
4509,9
4510,5
4511,5
4512,7
4513,7
4514,6
4515,6
4516,0
4517,7
4518,2
4519,4
4520,0
4521,5
4522,7
4523,7
4524,9
4525,5
4526,9
4527,7
4528,7
4529,7
4530,6
4531,8
4532,9
4533,8
4534,6
4535,7
4536,2
4537,9
4538,6
4539,4
4540,7
4541,9
4542,6
4543,4
4544,5
4545,7
4546,9
4547,8
4548,7
4549,9
4550,7
4551,6
4552,9
4553,5
4554,9
4555,6
4556,6
4557,9
4558,2
4559,6
4560,9
4561,9
4562,4
4563,7
4564,9
4565,5
4566,9
4567,9
4568,9
4569,0
4570,2
4571,9
4572,0
4573,7
4574,9
4575,7
4576,7
4577,8
4578,5
4579,7
4580,6
4581,6
4582,5
4583,6
4584,7
4585,7
4586,6
4587,7
4588,8
4589,3
4590,3
4591,0
4592,0
4593,6
4594,7
4595,3
4596,5
4597,4
4598,9
4599,6
4600,1
4601,0
4602,4
4603,8
4604,6
4605,8
4606,6
4607,1
4608,6
4609,0
4610,8
4611,4
4612,0
4613,7
4614,6
4615,7
4616,6
4617,5
4618,7
4619,3
4620,9
4621,3
4622,7
4623,6
4624,9
4625,6
4626,2
4627,8
4628,0
4629,7
4630,6
4631,7
4632,7
4633,7
4634,5
4635,0
4636,6
4637,9
4638,6
4639,9
4640,4
4641,6
4642,3
4643,7
4644,7
4645,9
4646,9
4647,5
4648,7
4649,0
4650,6
4651,6
4652,5
4653,2
4654,9
4655,7
4656,6
4657,7
4658,9
4659,6
4660,8
4661,9
4662,7
4663,6
4664,3
4665,7
4666,5
4667,9
4668,5
4669,6
4670,8
4671,0
4672,6
4673,6
4674,6
4675,5
4676,6
4677,0
4678,6
4679,9
4680,7
4681,8
4682,7
4683,7
4684,0
4685,6
4686,5
4687,6
4688,7
4689,7
4690,4
4691,5
4692,4
4693,9
4694,5
4695,2
4696,5
4697,6
4698,0
4699,7
4700,9
4701,7
4702,9
4703,7
4704,9
4705,7
4706,6
4707,9
4708,7
4709,9
4710,7
4711,5
4712,2
4713,6
4714,0
4715,9
4716,9
4717,8
4718,9
4719,5
4720,0
4721,4
4722,6
4723,7
4724,5
4725,5
4726,4
4727,4
4728,2
4729,8
4730,7
4731,2
4732,6
4733,6
4734,0
4735,5
4736,6
4737,5
4738,5
4739,5
4740,2
4741,0
4742,6
4743,6
4744,8
4745,0
4746,0
4747,6
4748,6
4749,9
4750,5
4751,6
4752,5
4753,7
4754,9
4755,0
4756,6
4757,0
4758,8
4759,5
4760,8
4761,6
4762,5
4763,6
4764,6
4765,7
4766,4
4767,0
4768,7
4769,6
4770,5
4771,6
4772,6
4773,0
4774,9
4775,0
4776,0
4777,2
4778,7
4779,8
4780,6
4781,6
4782,9
4783,0
4784,9
4785,3
4786,0
4787,5
4788,1
4789,5
4790,2
4791,7
4792,8
4793,7
4794,6
4795,7
4796,7
4797,6
4798,9
4799,9
4800,7
4801,7
4802,5
4803,7
4804,3
4805,6
4806,6
4807,9
4808,9
4809,7
4810,9
4811,7
4812,6
4813,5
4814,7
4815,5
4816,9
4817,9
4818,6
4819,9
4820,7
4821,6
4822,4
4823,6
4824,0
4825,7
4826,0
4827,7
4828,9
4829,7
4830,7
4831,7
4832,5
4833,7
4834,7
4835,2
4836,4
4837,7
4838,0
4839,6
4840,8
4841,9
4842,7
4843,9
4844,6
4845,9
4846,9
4847,7
4848,6
4849,7
4850,7
4851,8
4852,7
4853,8
4854,7
4855,2
4856,4
4857,0
4858,2
4859,4
4860,6
4861,7
4862,9
4863,6
4864,7
4865,6
4866,6
4867,7
4868,9
4869,6
4870,0
4871,7
4872,1
4873,9
4874,6
4875,5
4876,9
4877,8
4878,8
4879,7
4880,4
4881,9
4882,7
4883,7
4884,9
4885,0
4886,5
4887,0
4888,5
4889,7
4890,0
4891,0
4892,2
4893,9
4894,2
4895,4
4896,8
4897,5
4898,6
4899,5
4900,4
4901,8
4902,6
4903,9
4904,6
4905,7
4906,7
4907,4
4908,9
4909,9
4910,4
4911,9
4912,6
4913,6
4914,7
4915,9
4916,6
4917,7
4918,5
4919,7
4920,0
4921,4
4922,9
4923,6
4924,6
4925,4
4926,7
4927,6
4928,3
4929,6
4930,5
4931,7
4932,9
4933,3
4934,0
4935,7
4936,1
4937,6
4938,6
4939,7
4940,7
4941,6
4942,6
4943,4
4944,7
4945,1
4946,7
4947,6
4948,7
4949,6
4950,9
4951,0
4952,8
4953,6
4954,9
4955,6
4956,9
4957,0
4958,7
4959,2
4960,6
4961,5
4962,6
4963,4
4964,8
4965,6
4966,0
4967,9
4968,7
4969,6
4970,6
4971,7
4972,7
4973,8
4974,6
4975,7
4976,2
4977,6
4978,0
4979,8
4980,6
4981,7
4982,6
4983,5
4984,0
4985,7
4986,7
4987,6
4988,8
4989,6
4990,9
4991,6
4992,7
4993,7
4994,0
4995,6
4996,6
4997,6
4998,7
4999,6
5000,0
5001,6
5002,7
5003,9
5004,6
5005,6
5006,2
5007,5
5008,9
5009,6
5010,8
5011,6
5012,9
5013,6
5014,7
5015,6
5016,6
5017,6
5018,9
5019,5
5020,5
5021,0
5022,7
5023,6
5024,0
5025,7
5026,6
5027,7
5028,4
5029,6
5030,9
5031,6
5032,6
5033,8
5034,6
5035,7
5036,9
5037,8
5038,5
5039,9
5040,7
5041,5
5042,7
5043,6
5044,5
5045,5
5046,0
5047,5
5048,7
5049,6
5050,6
5051,7
5052,7
5053,2
5054,0
5055,7
5056,8
5057,9
5058,4
5059,7
5060,7
5061,7
5062,7
5063,6
5064,5
5065,7
5066,0
5067,6
5068,9
5069,7
5070,9
5071,7
5072,7
5073,4
5074,6
5075,8
5076,8
5077,2
5078,9
5079,8
5080,6
5081,9
5082,6
5083,6
5084,6
5085,7
5086,6
5087,0
5088,7
5089,5
5090,2
5091,0
5092,7
5093,8
5094,0
5095,9
5096,5
5097,7
5098,0
5099,5
5100,5
5101,0
5102,7
5103,8
5104,6
5105,6
5106,4
5107,7
5108,9
5109,2
5110,4
5111,7
5112,6
5113,7
5114,5
5115,7
5116,6
5117,2
5118,0
5119,6
5120,0
5121,6
5122,7
5123,6
5124,7
5125,6
5126,6
5127,0
5128,9
5129,9
5130,0
5131,7
5132,8
5133,2
5134,9
5135,7
5136,0
5137,8
5138,4
5139,6
5140,6
5141,9
5142,1
5143,6
5144,7
5145,4
5146,6
5147,0
5148,7
5149,2
5150,0
5151,6
5152,4
5153,6
5154,6
5155,2
5156,7
5157,7
5158,7
5159,9
5160,4
5161,9
5162,5
5163,2
5164,7
5165,7
5166,6
5167,7
5168,7
5169,6
5170,6
5171,7
5172,4
5173,7
5174,2
5175,9
5176,5
5177,6
5178,8
5179,9
5180,1
5181,5
5182,3
5183,4
5184,6
5185,7
5186,7
5187,9
5188,7
5189,5
5190,7
5191,7
5192,2
5193,6
5194,6
5195,0
5196,8
5197,9
5198,9
5199,8
5200,0
5201,7
5202,9
5203,7
5204,4
5205,9
5206,7
5207,8
5208,5
5209,6
5210,7
5211,0
5212,0
5213,7
5214,5
5215,5
5216,6
5217,5
5218,7
5219,6
5220,9
5221,5
5222,4
5223,5
5224,9
5225,1
5226,7
5227,0
5228,7
5229,7
5230,9
5231,7
5232,0
5233,0
5234,6
5235,6
5236,6
5237,7
5238,8
5239,5
5240,6
5241,6
5242,9
5243,0
5244,2
5245,7
5246,6
5247,0
5248,6
5249,7
5250,9
5251,6
5252,6
5253,6
5254,9
5255,4
5256,9
5257,2
5258,6
5259,6
5260,2
5261,7
5262,7
5263,5
5264,9
5265,6
5266,2
5267,4
5268,8
5269,8
5270,0
5271,2
5272,6
5273,7
5274,2
5275,2
5276,2
5277,9
5278,0
5279,7
5280,6
5281,6
5282,6
5283,9
5284,7
5285,5
5286,4
5287,5
5288,7
5289,7
5290,7
5291,0
5292,7
5293,4
5294,0
5295,6
5296,0
5297,6
5298,9
5299,0
5300,9
5301,6
5302,6
5303,5
5304,4
5305,7
5306,6
5307,7
5308,4
5309,0
5310,9
5311,9
5312,6
5313,9
5314,9
5315,6
5316,0
5317,7
5318,7
5319,7
5320,6
5321,7
5322,2
5323,0
5324,9
5325,5
5326,6
5327,6
5328,9
5329,2
5330,9
5331,8
5332,5
5333,6
5334,0
5335,7
5336,0
5337,8
5338,7
5339,7
5340,9
5341,6
5342,6
5343,4
5344,5
5345,6
5346,8
5347,6
5348,1
5349,0
5350,9
5351,6
5352,7
5353,5
5354,8
5355,2
5356,7
5357,6
5358,6
5359,0
5360,6
5361,7
5362,1
5363,9
5364,9
5365,8
5366,7
5367,6
5368,7
5369,2
5370,9
5371,7
5372,0
5373,7
5374,5
5375,6
5376,7
5377,3
5378,6
5379,7
5380,1
5381,6
5382,7
5383,9
5384,7
5385,9
5386,6
5387,6
5388,4
5389,2
5390,8
5391,6
5392,5
5393,5
5394,7
5395,7
5396,6
5397,5
5398,6
5399,7
5400,7
5401,6
5402,7
5403,6
5404,8
5405,7
5406,7
5407,7
5408,6
5409,6
5410,4
5411,6
5412,5
5413,7
5414,9
5415,7
5416,3
5417,0
5418,6
5419,7
5420,6
5421,8
5422,6
5423,8
5424,7
5425,6
5426,7
5427,6
5428,6
5429,9
5430,8
5431,6
5432,0
5433,6
5434,6
5435,9
5436,2
5437,9
5438,6
5439,6
5440,7
5441,4
5442,9
5443,7
5444,7
5445,6
5446,6
5447,5
5448,1
5449,0
5450,5
5451,6
5452,7
5453,6
5454,4
5455,0
5456,7
5457,7
5458,7
5459,5
5460,7
5461,0
5462,5
5463,5
5464,9
5465,6
5466,9
5467,5
5468,7
5469,7
5470,6
5471,8
5472,7
5473,9
5474,6
5475,4
5476,6
5477,7
5478,0
5479,6
5480,7
5481,5
5482,7
5483,6
5484,9
5485,9
5486,4
5487,5
5488,9
5489,1
5490,8
5491,7
5492,9
5493,8
5494,8
5495,6
5496,6
5497,5
5498,2
5499,8
5500,7
5501,6
5502,8
5503,0
5504,7
5505,3
5506,8
5507,0
5508,7
5509,8
5510,2
5511,6
5512,2
5513,7
5514,5
5515,6
5516,3
5517,4
5518,9
5519,7
5520,0
5521,7
5522,7
5523,9
5524,6
5525,5
5526,7
5527,4
5528,6
5529,9
5530,8
5531,8
5532,8
5533,1
5534,0
5535,6
5536,4
5537,7
5538,2
5539,2
5540,6
5541,6
5542,7
5543,6
5544,7
5545,7
5546,5
5547,4
5548,7
5549,6
5550,7
5551,6
5552,6
5553,8
5554,0
5555,7
5556,5
5557,0
5558,6
5559,9
5560,7
5561,0
5562,8
5563,0
5564,5
5565,5
5566,7
5567,6
5568,2
5569,6
5570,8
5571,9
5572,7
5573,4
5574,6
5575,6
5576,6
5577,0
5578,5
5579,6
5580,6
5581,2
5582,9
5583,6
5584,7
5585,0
5586,7
5587,4
5588,6
5589,9
5590,9
5591,5
5592,7
5593,6
5594,6
5595,7
5596,6
5597,9
5598,5
5599,6
5600,2
5601,9
5602,6
5603,7
5604,6
5605,7
5606,6
5607,9
5608,0
5609,6
5610,7
5611,4
5612,9
5613,7
5614,5
5615,0
5616,0
5617,6
5618,6
5619,0
5620,7
5621,9
5622,2
5623,6
5624,7
5625,7
5626,1
5627,9
5628,8
5629,4
5630,7
5631,9
5632,7
5633,4
5634,9
5635,6
5636,0
5637,6
5638,2
5639,6
5640,7
5641,9
5642,4
5643,5
5644,4
5645,4
5646,6
5647,9
5648,0
5649,7
5650,7
5651,6
5652,7
5653,4
5654,6
5655,5
5656,5
5657,6
5658,7
5659,7
5660,9
5661,7
5662,7
5663,7
5664,2
5665,1
5666,6
5667,7
5668,7
5669,6
5670,4
5671,2
5672,0
5673,7
5674,6
5675,7
5676,0
5677,8
5678,7
5679,6
5680,6
5681,7
5682,9
5683,7
5684,7
5685,6
5686,6
5687,6
5688,6
5689,6
5690,6
5691,9
5692,9
5693,6
5694,0
5695,9
5696,7
5697,8
5698,4
5699,6
5700,9
5701,6
5702,6
5703,7
5704,9
5705,1
5706,7
5707,5
5708,7
5709,6
5710,4
5711,9
5712,9
5713,7
5714,9
5715,3
5716,8
5717,5
5718,8
5719,9
5720,6
5721,6
5722,6
5723,5
5724,6
5725,7
5726,9
5727,5
5728,9
5729,1
5730,6
5731,9
5732,6
5733,6
5734,9
5735,6
5736,7
5737,6
5738,2
5739,2
5740,5
5741,6
5742,9
5743,9
5744,7
5745,7
5746,9
5747,9
5748,7
5749,5
5750,7
5751,6
5752,6
5753,7
5754,5
5755,6
5756,0
5757,6
5758,6
5759,7
5760,6
5761,5
5762,8
5763,0
5764,8
5765,6
5766,7
5767,7
5768,9
5769,7
5770,7
5771,6
5772,9
5773,6
5774,9
5775,1
5776,3
5777,0
5778,5
5779,4
5780,6
5781,9
5782,6
5783,7
5784,5
5785,5
5786,6
5787,6
5788,6
5789,7
5790,7
5791,7
5792,8
5793,7
5794,6
5795,9
5796,7
5797,5
5798,1
5799,6
5800,3
5801,6
5802,9
5803,4
5804,0
5805,7
5806,5
5807,6
5808,8
5809,7
5810,7
5811,4
5812,5
5813,7
5814,7
5815,9
5816,6
5817,5
5818,4
5819,0
5820,0
5821,5
5822,6
5823,7
5824,4
5825,8
5826,9
5827,7
5828,7
5829,7
5830,2
5831,0
5832,4
5833,0
5834,3
5835,7
5836,9
5837,4
5838,2
5839,8
5840,7
5841,6
5842,5
5843,6
5844,5
5845,7
5846,2
5847,0
5848,6
5849,7
5850,7
5851,9
5852,7
5853,5
5854,6
5855,0
5856,7
5857,7
5858,9
5859,6
5860,5
5861,7
5862,9
5863,0
5864,2
5865,8
5866,6
5867,5
5868,7
5869,3
5870,7
5871,6
5872,6
5873,2
5874,9
5875,8
5876,5
5877,6
5878,8
5879,7
5880,0
5881,6
5882,7
5883,6
5884,9
5885,6
5886,6
5887,7
5888,6
5889,0
5890,4
5891,9
5892,9
5893,7
5894,4
5895,7
5896,9
5897,6
5898,7
5899,5
5900,5
5901,9
5902,6
5903,5
5904,6
5905,5
5906,0
5907,0
5908,6
5909,6
5910,9
5911,6
5912,7
5913,5
5914,8
5915,6
5916,0
5917,6
5918,0
5919,0
5920,0
5921,0
5922,8
5923,8
5924,7
5925,0
5926,2
5927,6
5928,2
5929,2
5930,7
5931,4
5932,0
5933,9
5934,5
5935,7
5936,6
5937,6
5938,5
5939,6
5940,6
5941,4
5942,5
5943,6
5944,4
5945,8
5946,7
5947,6
5948,5
5949,5
5950,6
5951,7
5952,6
5953,8
5954,6
5955,9
5956,8
5957,6
5958,4
5959,7
5960,6
5961,8
5962,6
5963,0
5964,0
5965,0
5966,0
5967,5
5968,9
5969,7
5970,7
5971,9
5972,7
5973,6
5974,5
5975,6
5976,4
5977,7
5978,9
5979,9
5980,5
5981,6
5982,9
5983,5
5984,8
5985,4
5986,9
5987,5
5988,4
5989,6
5990,0
5991,9
5992,7
5993,6
5994,9
5995,0
5996,7
5997,5
5998,9
5999,8
6000,5
6001,4
6002,5
6003,9
6004,9
6005,8
6006,7
6007,6
6008,6
6009,9
6010,7
6011,9
6012,8
6013,5
6014,5
6015,7
6016,9
6017,4
6018,9
6019,7
6020,2
6021,8
6022,4
6023,5
6024,9
6025,4
6026,9
6027,0
6028,8
6029,9
6030,4
6031,8
6032,7
6033,9
6034,6
6035,8
6036,8
6037,5
6038,2
6039,5
6040,9
6041,0
6042,7
6043,5
6044,7
6045,9
6046,6
6047,9
6048,5
6049,7
6050,5
6051,0
6052,4
6053,9
6054,5
6055,6
6056,9
6057,8
6058,8
6059,8
6060,8
6061,3
6062,8
6063,7
6064,6
6065,6
6066,6
6067,7
6068,0
6069,9
6070,8
6071,6
6072,6
6073,9
6074,2
6075,7
6076,1
6077,9
6078,9
6079,8
6080,5
6081,6
6082,6
6083,6
6084,6
6085,9
6086,4
6087,6
6088,7
6089,0
6090,0
6091,7
6092,0
6093,2
6094,9
6095,4
6096,8
6097,2
6098,6
6099,4
6100,9
6101,2
6102,8
6103,5
6104,0
6105,0
6106,9
6107,0
6108,0
6109,9
6110,0
6111,6
6112,9
6113,6
6114,6
6115,9
6116,0
6117,5
6118,7
6119,7
6120,6
6121,6
6122,9
6123,4
6124,4
6125,6
6126,7
6127,0
6128,7
6129,4
6130,7
6131,9
6132,7
6133,4
6134,7
6135,7
6136,7
6137,9
6138,6
6139,5
6140,7
6141,0
6142,5
6143,5
6144,5
6145,6
6146,4
6147,8
6148,7
6149,9
6150,7
6151,0
6152,0
6153,5
6154,7
6155,5
6156,6
6157,7
6158,0
6159,8
6160,9
6161,7
6162,4
6163,9
6164,6
6165,7
6166,9
6167,6
6168,6
6169,9
6170,4
6171,8
6172,3
6173,4
6174,7
6175,8
6176,8
6177,8
6178,7
6179,7
6180,5
6181,7
6182,8
6183,7
6184,6
6185,6
6186,6
6187,9
6188,6
6189,8
6190,4
6191,8
6192,0
6193,7
6194,6
6195,0
6196,0
6197,4
6198,6
6199,6
6200,9
6201,9
6202,4
6203,7
6204,8
6205,9
6206,6
6207,9
6208,6
6209,9
6210,5
6211,7
6212,6
6213,2
6214,7
6215,7
6216,9
6217,8
6218,7
6219,5
6220,6
6221,3
6222,4
6223,6
6224,6
6225,5
6226,0
6227,9
6228,7
6229,9
6230,9
6231,6
6232,9
6233,6
6234,8
6235,9
6236,6
6237,9
6238,6
6239,6
6240,4
6241,2
6242,4
6243,6
6244,6
6245,9
6246,9
6247,8
6248,7
6249,6
6250,9
6251,4
6252,0
6253,9
6254,7
6255,7
6256,5
6257,8
6258,7
6259,0
6260,7
6261,7
6262,5
6263,7
6264,6
6265,7
6266,0
6267,6
6268,6
6269,6
6270,0
6271,7
6272,8
6273,7
6274,6
6275,0
6276,4
6277,9
6278,6
6279,6
6280,6
6281,6
6282,6
6283,7
6284,6
6285,7
6286,4
6287,6
6288,6
6289,0
6290,7
6291,7
6292,9
6293,0
6294,6
6295,5
6296,7
6297,4
6298,8
6299,0
6300,0
6301,9
6302,6
6303,9
6304,7
6305,7
6306,7
6307,6
6308,7
6309,8
6310,0
6311,0
6312,0
6313,9
6314,7
6315,5
6316,8
6317,5
6318,7
6319,9
6320,5
6321,0
6322,0
6323,6
6324,5
6325,6
6326,9
6327,0
6328,7
6329,8
6330,9
6331,6
6332,8
6333,6
6334,7
6335,2
6336,7
6337,6
6338,6
6339,6
6340,7
6341,5
6342,8
6343,5
6344,7
6345,6
6346,5
6347,7
6348,7
6349,0
6350,5
6351,7
6352,7
6353,9
6354,6
6355,7
6356,2
6357,4
6358,9
6359,5
6360,9
6361,0
6362,5
6363,9
6364,5
6365,6
6366,6
6367,6
6368,9
6369,4
6370,7
6371,2
6372,7
6373,7
6374,6
6375,6
6376,6
6377,6
6378,4
6379,4
6380,7
6381,7
6382,5
6383,0
6384,0
6385,5
6386,6
6387,7
6388,9
6389,4
6390,7
6391,8
6392,9
6393,6
6394,6
6395,7
6396,5
6397,7
6398,6
6399,5
6400,7
6401,7
6402,0
6403,7
6404,6
6405,7
6406,0
6407,7
6408,9
6409,3
6410,5
6411,7
6412,7
6413,8
6414,0
6415,9
6416,7
6417,7
6418,9
6419,4
6420,9
6421,7
6422,9
6423,7
6424,7
6425,7
6426,9
6427,6
6428,6
6429,9
6430,9
6431,6
6432,6
6433,9
6434,5
6435,6
6436,5
6437,9
6438,8
6439,5
6440,5
6441,7
6442,6
6443,6
6444,9
6445,2
6446,5
6447,6
6448,5
6449,4
6450,6
6451,9
6452,5
6453,5
6454,4
6455,5
6456,5
6457,3
6458,7
6459,8
6460,5
6461,5
6462,7
6463,7
6464,6
6465,7
6466,0
6467,9
6468,6
6469,0
6470,0
6471,7
6472,0
6473,7
6474,4
6475,0
6476,6
6477,4
6478,7
6479,5
6480,6
6481,0
6482,5
6483,0
6484,4
6485,2
6486,7
6487,0
6488,6
6489,7
6490,9
6491,9
6492,7
6493,5
6494,9
6495,6
6496,7
6497,9
6498,0
6499,0
6500,6
6501,6
6502,8
6503,6
6504,9
6505,0
6506,0
6507,7
6508,7
6509,7
6510,7
6511,9
6512,3
6513,9
6514,6
6515,7
6516,7
6517,9
6518,9
6519,4
6520,7
6521,0
6522,6
6523,7
6524,6
6525,5
6526,0
6527,4
6528,4
6529,6
6530,2
6531,6
6532,7
6533,0
6534,9
6535,0
6536,5
6537,6
6538,4
6539,9
6540,6
6541,6
6542,8
6543,5
6544,8
6545,6
6546,5
6547,3
6548,6
6549,7
6550,7
6551,8
6552,0
6553,5
6554,0
6555,5
6556,7
6557,4
6558,8
6559,2
6560,7
6561,0
6562,9
6563,6
6564,9
6565,5
6566,8
6567,8
6568,7
6569,9
6570,9
6571,7
6572,8
6573,2
6574,0
6575,7
6576,0
6577,6
6578,6
6579,5
6580,9
6581,9
6582,2
6583,7
6584,7
6585,7
6586,7
6587,1
6588,6
6589,6
6590,6
6591,6
6592,7
6593,6
6594,7
6595,6
6596,6
6597,6
6598,7
6599,5
6600,6
6601,4
6602,7
6603,6
6604,0
6605,6
6606,6
6607,0
6608,5
6609,5
6610,5
6611,5
6612,4
6613,7
6614,4
6615,8
6616,0
6617,4
6618,5
6619,7
6620,5
6621,2
6622,6
6623,2
6624,7
6625,7
6626,5
6627,0
6628,6
6629,8
6630,7
6631,8
6632,6
6633,0
6634,6
6635,6
6636,7
6637,7
6638,6
6639,0
6640,4
6641,6
6642,5
6643,6
6644,0
6645,6
6646,7
6647,5
6648,8
6649,6
6650,4
6651,9
6652,7
6653,7
6654,5
6655,6
6656,5
6657,1
6658,8
6659,0
6660,6
6661,8
6662,8
6663,7
6664,6
6665,6
6666,2
6667,4
6668,6
6669,7
6670,6
6671,6
6672,6
6673,7
6674,7
6675,5
6676,0
6677,5
6678,8
6679,7
6680,6
6681,5
6682,6
6683,8
6684,7
6685,2
6686,6
6687,6
6688,1
6689,0
6690,6
6691,0
6692,0
6693,5
6694,6
6695,6
6696,4
6697,6
6698,9
6699,6
6700,7
6701,6
6702,9
6703,9
6704,9
6705,7
6706,6
6707,2
6708,8
6709,6
6710,7
6711,8
6712,7
6713,0
6714,7
6715,7
6716,7
6717,5
6718,8
6719,7
6720,6
6721,7
6722,6
6723,7
6724,7
6725,0
6726,6
6727,6
6728,5
6729,6
6730,7
6731,6
6732,0
6733,6
6734,7
6735,8
6736,5
6737,7
6738,7
6739,7
6740,0
6741,4
6742,0
6743,0
6744,7
6745,5
6746,0
6747,7
6748,0
6749,6
6750,6
6751,8
6752,6
6753,6
6754,5
6755,0
6756,4
6757,0
6758,7
6759,6
6760,7
6761,7
6762,6
6763,6
6764,4
6765,6
6766,8
6767,6
6768,9
6769,7
6770,5
6771,7
6772,7
6773,0
6774,9
6775,7
6776,7
6777,7
6778,7
6779,6
6780,7
6781,0
6782,6
6783,7
6784,7
6785,6
6786,4
6787,5
6788,8
6789,8
6790,7
6791,7
6792,9
6793,0
6794,4
6795,7
6796,6
6797,9
6798,7
6799,8
6800,7
6801,0
6802,0
6803,6
6804,7
6805,7
6806,7
6807,5
6808,7
6809,7
6810,9
6811,0
6812,9
6813,9
6814,8
6815,0
6816,9
6817,6
6818,5
6819,6
6820,0
6821,4
6822,0
6823,2
6824,0
6825,6
6826,0
6827,5
6828,6
6829,6
6830,9
6831,6
6832,6
6833,2
6834,9
6835,7
6836,8
6837,6
6838,9
6839,4
6840,5
6841,6
6842,9
6843,6
6844,9
6845,6
6846,6
6847,8
6848,8
6849,9
6850,7
6851,5
6852,2
6853,8
6854,8
6855,6
6856,2
6857,5
6858,0
6859,6
6860,9
6861,0
6862,5
6863,9
6864,5
6865,8
6866,5
6867,7
6868,7
6869,6
6870,6
6871,7
6872,0
6873,6
6874,5
6875,6
6876,7
6877,6
6878,7
6879,0
6880,6
6881,7
6882,7
6883,7
6884,9
6885,0
6886,8
6887,6
6888,4
6889,7
6890,9
6891,8
6892,6
6893,0
6894,5
6895,8
6896,7
6897,0
6898,9
6899,4
6900,5
6901,5
6902,6
6903,7
6904,6
6905,9
6906,7
6907,9
6908,8
6909,7
6910,4
6911,5
6912,9
6913,7
6914,5
6915,8
6916,0
6917,7
6918,0
6919,7
6920,9
6921,8
6922,8
6923,7
6924,7
6925,7
6926,8
6927,7
6928,6
6929,7
6930,7
6931,6
6932,9
6933,7
6934,7
6935,6
6936,5
6937,6
6938,0
6939,7
6940,2
6941,6
6942,7
6943,9
6944,6
6945,0
6946,7
6947,7
6948,2
6949,7
6950,9
6951,7
6952,6
6953,6
6954,6
6955,7
6956,6
6957,1
6958,9
6959,7
6960,0
6961,7
6962,7
6963,9
6964,7
6965,7
6966,8
6967,6
6968,2
6969,7
6970,9
6971,8
6972,7
6973,0
6974,5
6975,6
6976,6
6977,0
6978,7
6979,9
6980,7
6981,6
6982,6
6983,6
6984,8
6985,6
6986,8
6987,5
6988,7
6989,6
6990,5
6991,8
6992,2
6993,4
6994,3
6995,6
6996,6
6997,6
6998,6
6999,7
7000,8
7001,5
7002,8
7003,7
7004,3
7005,8
7006,4
7007,0
7008,6
7009,5
7010,5
7011,6
7012,7
7013,9
7014,0
7015,4
7016,0
7017,7
7018,4
7019,6
7020,2
7021,7
7022,7
7023,8
7024,0
7025,5
7026,7
7027,7
7028,7
7029,8
7030,5
7031,0
7032,9
7033,6
7034,8
7035,7
7036,2
7037,0
7038,8
7039,8
7040,7
7041,7
7042,6
7043,0
7044,5
7045,4
7046,0
7047,6
7048,9
7049,3
7050,0
7051,8
7052,7
7053,5
7054,9
7055,5
7056,6
7057,9
7058,8
7059,0
7060,0
7061,9
7062,7
7063,0
7064,9
7065,8
7066,5
7067,7
7068,8
7069,7
7070,9
7071,4
7072,0
7073,6
7074,5
7075,6
7076,5
7077,1
7078,6
7079,2
7080,7
7081,1
7082,9
7083,8
7084,7
7085,4
7086,7
7087,9
7088,8
7089,7
7090,0
7091,0
7092,9
7093,6
7094,6
7095,9
7096,6
7097,4
7098,5
7099,7
7100,5
7101,4
7102,4
7103,4
7104,4
7105,6
7106,9
7107,7
7108,0
7109,6
7110,5
7111,6
7112,7
7113,7
7114,6
7115,9
7116,2
7117,9
7118,8
7119,4
7120,6
7121,6
7122,4
7123,5
7124,8
7125,6
7126,9
7127,7
7128,6
7129,5
7130,9
7131,7
7132,6
7133,6
7134,0
7135,6
7136,9
7137,0
7138,7
7139,5
7140,7
7141,9
7142,7
7143,6
7144,6
7145,4
7146,0
7147,7
7148,6
7149,2
7150,0
7151,0
7152,7
7153,0
7154,8
7155,6
7156,0
7157,5
7158,0
7159,0
7160,7
7161,7
7162,0
7163,7
7164,4
7165,4
7166,7
7167,7
7168,5
7169,4
7170,6
7171,9
7172,7
7173,7
7174,8
7175,8
7176,9
7177,5
7178,8
7179,0
7180,7
7181,2
7182,6
7183,6
7184,9
7185,6
7186,6
7187,6
7188,4
7189,5
7190,9
7191,2
7192,8
7193,9
7194,6
7195,6
7196,5
7197,7
7198,0
7199,6
7200,6
7201,9
7202,4
7203,8
7204,7
7205,5
7206,7
7207,5
7208,7
7209,5
7210,0
7211,6
7212,0
7213,6
7214,8
7215,7
7216,6
7217,4
7218,7
7219,7
7220,6
7221,8
7222,5
7223,7
7224,6
7225,6
7226,7
7227,0
7228,7
7229,5
7230,0
7231,9
7232,8
7233,7
7234,7
7235,7
7236,3
7237,0
7238,6
7239,0
7240,7
7241,7
7242,6
7243,6
7244,0
7245,8
7246,4
7247,5
7248,9
7249,7
7250,6
7251,6
7252,9
7253,6
7254,4
7255,7
7256,8
7257,5
7258,6
7259,7
7260,7
7261,9
7262,7
7263,7
7264,0
7265,3
7266,5
7267,6
7268,9
7269,5
7270,9
7271,4
7272,9
7273,9
7274,7
7275,8
7276,7
7277,6
7278,9
7279,6
7280,6
7281,0
7282,5
7283,5
7284,4
7285,6
7286,5
7287,7
7288,9
7289,6
7290,0
7291,5
7292,9
7293,6
7294,6
7295,7
7296,9
7297,8
7298,6
7299,4
7300,6
7301,9
7302,8
7303,9
7304,7
7305,7
7306,6
7307,8
7308,0
7309,9
7310,5
7311,0
7312,7
7313,7
7314,6
7315,7
7316,7
7317,5
7318,9
7319,7
7320,7
7321,5
7322,7
7323,6
7324,6
7325,2
7326,6
7327,5
7328,8
7329,9
7330,9
7331,5
7332,5
7333,9
7334,6
7335,5
7336,8
7337,0
7338,7
7339,5
7340,6
7341,4
7342,4
7343,9
7344,7
7345,0
7346,4
7347,6
7348,7
7349,0
7350,6
7351,2
7352,6
7353,8
7354,6
7355,4
7356,6
7357,8
7358,0
7359,9
7360,6
7361,0
7362,6
7363,5
7364,8
7365,7
7366,2
7367,9
7368,0
7369,7
7370,7
7371,0
7372,5
7373,0
7374,9
7375,9
7376,7
7377,7
7378,1
7379,7
7380,6
7381,6
7382,7
7383,7
7384,9
7385,6
7386,7
7387,0
7388,1
7389,9
7390,9
7391,7
7392,7
7393,7
7394,0
7395,6
7396,7
7397,8
7398,8
7399,4
7400,6
7401,7
7402,6
7403,4
7404,6
7405,6
7406,7
7407,6
7408,8
7409,7
7410,6
7411,8
7412,6
7413,6
7414,6
7415,0
7416,6
7417,4
7418,9
7419,6
7420,5
7421,6
7422,6
7423,5
7424,0
7425,6
7426,6
7427,9
7428,6
7429,9
7430,7
7431,8
7432,7
7433,7
7434,7
7435,6
7436,5
7437,4
7438,8
7439,8
7440,6
7441,7
7442,7
7443,9
7444,6
7445,6
7446,6
7447,0
7448,7
7449,6
7450,2
7451,9
7452,9
7453,1
7454,7
7455,5
7456,9
7457,2
7458,9
7459,7
7460,5
7461,7
7462,6
7463,6
7464,6
7465,8
7466,9
7467,6
7468,7
7469,5
7470,5
7471,2
7472,6
7473,7
7474,6
7475,7
7476,6
7477,7
7478,5
7479,0
7480,9
7481,9
7482,1
7483,7
7484,6
7485,9
7486,3
7487,8
7488,6
7489,6
7490,8
7491,9
7492,7
7493,0
7494,7
7495,6
7496,7
7497,6
7498,8
7499,6
7500,0
7501,6
7502,7
7503,9
7504,7
7505,6
7506,0
7507,4
7508,9
7509,9
7510,6
7511,0
7512,0
7513,7
7514,7
7515,7
7516,7
7517,4
7518,9
7519,4
7520,2
7521,1
7522,6
7523,7
7524,7
7525,6
7526,8
7527,5
7528,6
7529,8
7530,7
7531,5
7532,5
7533,6
7534,9
7535,7
7536,6
7537,5
7538,5
7539,8
7540,0
7541,5
7542,8
7543,5
7544,5
7545,6
7546,2
7547,5
7548,6
7549,5
7550,6
7551,6
7552,8
7553,0
7554,7
7555,2
7556,7
7557,6
7558,9
7559,6
7560,9
7561,0
7562,4
7563,7
7564,9
7565,6
7566,9
7567,7
7568,8
7569,6
7570,9
7571,6
7572,7
7573,7
7574,4
7575,7
7576,0
7577,4
7578,5
7579,4
7580,5
7581,5
7582,2
7583,9
7584,7
7585,4
7586,7
7587,6
7588,2
7589,2
7590,9
7591,6
7592,7
7593,5
7594,7
7595,7
7596,8
7597,7
7598,5
7599,9
7600,2
7601,6
7602,8
7603,9
7604,7
7605,7
7606,7
7607,7
7608,4
7609,0
7610,9
7611,7
7612,8
7613,7
7614,5
7615,2
7616,9
7617,6
7618,6
7619,4
7620,7
7621,2
7622,7
7623,6
7624,7
7625,7
7626,6
7627,0
7628,6
7629,4
7630,6
7631,6
7632,9
7633,9
7634,6
7635,7
7636,6
7637,6
7638,7
7639,6
7640,6
7641,7
7642,7
7643,4
7644,7
7645,7
7646,2
7647,6
7648,9
7649,4
7650,7
7651,8
7652,7
7653,4
7654,6
7655,0
7656,2
7657,0
7658,7
7659,8
7660,0
7661,6
7662,8
7663,5
7664,7
7665,4
7666,6
7667,7
7668,4
7669,7
7670,8
7671,8
7672,2
7673,2
7674,2
7675,7
7676,6
7677,6
7678,6
7679,6
7680,7
7681,7
7682,7
7683,8
7684,9
7685,7
7686,0
7687,7
7688,0
7689,7
7690,5
7691,6
7692,9
7693,0
7694,9
7695,7
7696,8
7697,7
7698,0
7699,7
7700,6
7701,7
7702,6
7703,6
7704,7
7705,0
7706,7
7707,8
7708,6
7709,4
7710,9
7711,7
7712,7
7713,9
7714,7
7715,6
7716,5
7717,5
7718,0
7719,6
7720,2
7721,7
7722,8
7723,7
7724,6
7725,7
7726,9
7727,8
7728,6
7729,9
7730,4
7731,4
7732,6
7733,6
7734,9
7735,4
7736,6
7737,6
7738,0
7739,9
7740,7
7741,6
7742,0
7743,7
7744,7
7745,5
7746,5
7747,6
7748,7
7749,9
7750,6
7751,6
7752,6
7753,6
7754,7
7755,0
7756,8
7757,6
7758,6
7759,6
7760,9
7761,7
7762,7
7763,5
7764,4
7765,8
7766,0
7767,0
7768,9
7769,6
7770,6
7771,0
7772,5
7773,7
7774,6
7775,7
7776,6
7777,6
7778,9
7779,6
7780,0
7781,6
7782,0
7783,0
7784,0
7785,9
7786,9
7787,6
7788,7
7789,9
7790,9
7791,0
7792,7
7793,7
7794,4
7795,6
7796,0
7797,2
7798,6
7799,0
7800,0
7801,4
7802,0
7803,4
7804,6
7805,2
7806,7
7807,9
7808,6
7809,6
7810,4
7811,0
7812,8
7813,7
7814,0
7815,8
7816,0
7817,6
7818,6
7819,6
7820,6
7821,5
7822,7
7823,9
7824,7
7825,6
7826,5
7827,6
7828,7
7829,0
7830,6
7831,5
7832,9
7833,7
7834,8
7835,9
7836,7
7837,6
7838,5
7839,7
7840,7
7841,5
7842,6
7843,5
7844,7
7845,6
7846,4
7847,0
7848,0
7849,0
7850,4
7851,9
7852,9
7853,6
7854,0
7855,0
7856,0
7857,7
7858,7
7859,5
7860,9
7861,5
7862,6
7863,0
7864,8
7865,7
7866,0
7867,0
7868,8
7869,7
7870,6
7871,6
7872,8
7873,7
7874,9
7875,5
7876,7
7877,5
7878,8
7879,5
7880,7
7881,5
7882,5
7883,9
7884,6
7885,5
7886,7
7887,6
7888,6
7889,6
7890,7
7891,0
7892,5
7893,5
7894,5
7895,6
7896,6
7897,9
7898,6
7899,8
7900,5
7901,0
7902,7
7903,6
7904,0
7905,8
7906,8
7907,7
7908,8
7909,7
7910,5
7911,5
7912,5
7913,5
7914,5
7915,7
7916,6
7917,9
7918,0
7919,6
7920,0
7921,5
7922,7
7923,7
7924,9
7925,7
7926,0
7927,9
7928,0
7929,6
7930,0
7931,7
7932,0
7933,7
7934,7
7935,6
7936,0
7937,4
7938,5
7939,6
7940,7
7941,9
7942,7
7943,2
7944,6
7945,7
7946,5
7947,7
7948,5
7949,0
7950,6
7951,7
7952,0
7953,7
7954,8
7955,6
7956,7
7957,9
7958,9
7959,7
7960,8
7961,8
7962,7
7963,8
7964,7
7965,0
7966,9
7967,6
7968,0
7969,7
7970,8
7971,0
7972,7
7973,7
7974,6
7975,7
7976,6
7977,8
7978,5
7979,7
7980,6
7981,6
7982,0
7983,0
7984,6
7985,5
7986,0
7987,4
7988,5
7989,7
7990,8
7991,6
7992,6
7993,6
7994,7
7995,0
7996,7
7997,7
7998,0
7999,5
8000,7
8001,7
8002,6
8003,6
8004,0
8005,6
8006,6
8007,0
8008,5
8009,7
8010,7
8011,8
8012,7
8013,7
8014,0
8015,8
8016,2
8017,7
8018,6
8019,7
8020,9
8021,0
8022,7
8023,6
8024,6
8025,5
8026,6
8027,2
8028,7
8029,7
8030,4
8031,7
8032,6
8033,6
8034,6
8035,3
8036,2
8037,0
8038,4
8039,6
8040,6
8041,6
8042,8
8043,8
8044,5
8045,1
8046,6
8047,6
8048,0
8049,0
8050,7
8051,0
8052,5
8053,2
8054,6
8055,6
8056,7
8057,6
8058,7
8059,9
8060,9
8061,6
8062,6
8063,6
8064,4
8065,4
8066,0
8067,6
8068,7
8069,7
8070,7
8071,6
8072,1
8073,0
8074,0
8075,7
8076,7
8077,9
8078,6
8079,0
8080,9
8081,7
8082,6
8083,9
8084,7
8085,7
8086,2
8087,8
8088,6
8089,7
8090,8
8091,6
8092,0
8093,8
8094,5
8095,1
8096,7
8097,5
8098,6
8099,0
8100,5
8101,9
8102,8
8103,8
8104,9
8105,8
8106,2
8107,9
8108,1
8109,7
8110,1
8111,7
8112,7
8113,6
8114,6
8115,7
8116,5
8117,6
8118,4
8119,4
8120,2
8121,6
8122,9
8123,9
8124,6
8125,5
8126,7
8127,0
8128,0
8129,8
8130,6
8131,6
8132,0
8133,6
8134,6
8135,0
8136,7
8137,6
8138,0
8139,0
8140,6
8141,7
8142,2
8143,8
8144,7
8145,6
8146,0
8147,5
8148,7
8149,5
8150,0
8151,9
8152,6
8153,0
8154,5
8155,6
8156,1
8157,6
8158,6
8159,9
8160,0
8161,7
8162,0
8163,0
8164,6
8165,9
8166,0
8167,9
8168,5
8169,6
8170,8
8171,7
8172,6
8173,8
8174,7
8175,8
8176,6
8177,4
8178,6
8179,0
8180,6
8181,8
8182,9
8183,7
8184,7
8185,6
8186,7
8187,7
8188,6
8189,9
8190,7
8191,8
8192,6
8193,6
8194,0
8195,7
8196,9
8197,6
8198,4
8199,7
8200,7
8201,0
8202,6
8203,7
8204,7
8205,7
8206,6
8207,0
8208,9
8209,7
8210,5
8211,6
8212,7
8213,9
8214,6
8215,4
8216,6
8217,9
8218,6
8219,0
8220,6
8221,4
8222,2
8223,6
8224,7
8225,0
8226,9
8227,7
8228,5
8229,7
8230,9
8231,7
8232,9
8233,8
8234,6
8235,6
8236,2
8237,9
8238,2
8239,8
8240,6
8241,0
8242,0
8243,9
8244,6
8245,7
8246,7
8247,1
8248,6
8249,6
8250,6
8251,6
8252,8
8253,4
8254,7
8255,4
8256,2
8257,6
8258,6
8259,6
8260,9
8261,7
8262,1
8263,6
8264,6
8265,3
8266,2
8267,3
8268,8
8269,7
8270,6
8271,9
8272,5
8273,6
8274,7
8275,6
8276,6
8277,6
8278,8
8279,0
8280,9
8281,8
8282,7
8283,6
8284,6
8285,6
8286,5
8287,7
8288,7
8289,7
8290,8
8291,6
8292,2
8293,0
8294,9
8295,5
8296,7
8297,2
8298,9
8299,7
8300,5
8301,6
8302,4
8303,6
8304,7
8305,6
8306,0
8307,6
8308,9
8309,6
8310,7
8311,7
8312,6
8313,7
8314,7
8315,8
8316,7
8317,4
8318,3
8319,0
8320,0
8321,7
8322,6
8323,7
8324,6
8325,6
8326,9
8327,0
8328,6
8329,9
8330,5
8331,5
8332,0
8333,5
8334,7
8335,9
8336,0
8337,0
8338,2
8339,6
8340,3
8341,9
8342,9
8343,6
8344,0
8345,6
8346,4
8347,9
8348,7
8349,7
8350,6
8351,8
8352,6
8353,0
8354,6
8355,9
8356,5
8357,9
8358,6
8359,7
8360,6
8361,5
8362,4
8363,6
8364,6
8365,8
8366,7
8367,7
8368,9
8369,4
8370,9
8371,6
8372,7
8373,5
8374,8
8375,6
8376,7
8377,7
8378,5
8379,4
8380,2
8381,7
8382,9
8383,7
8384,6
8385,8
8386,2
8387,7
8388,8
8389,6
8390,4
8391,6
8392,7
8393,6
8394,7
8395,6
8396,2
8397,0
8398,9
8399,7
8400,6
8401,6
8402,5
8403,6
8404,8
8405,6
8406,5
8407,9
8408,9
8409,7
8410,5
8411,6
8412,6
8413,7
8414,6
8415,5
8416,8
8417,0
8418,6
8419,4
8420,7
8421,6
8422,7
8423,6
8424,6
8425,6
8426,5
8427,9
8428,5
8429,4
8430,7
8431,6
8432,1
8433,5
8434,9
8435,0
8436,7
8437,5
8438,0
8439,8
8440,0
8441,6
8442,2
8443,2
8444,6
8445,8
8446,7
8447,9
8448,5
8449,7
8450,0
8451,6
8452,7
8453,5
8454,9
8455,7
8456,4
8457,6
8458,7
8459,5
8460,7
8461,7
8462,0
8463,6
8464,0
8465,2
8466,5
8467,6
8468,6
8469,0
8470,9
8471,6
8472,9
8473,5
8474,2
8475,7
8476,0
8477,8
8478,7
8479,8
8480,6
8481,5
8482,9
8483,0
8484,9
8485,5
8486,6
8487,4
8488,6
8489,0
8490,5
8491,2
8492,0
8493,6
8494,9
8495,4
8496,5
8497,7
8498,6
8499,6
8500,9
8501,0
8502,7
8503,7
8504,7
8505,5
8506,0
8507,7
8508,0
8509,8
8510,7
8511,7
8512,6
8513,0
8514,7
8515,0
8516,3
8517,4
8518,0
8519,6
8520,6
8521,9
8522,0
8523,7
8524,6
8525,7
8526,6
8527,0
8528,9
8529,8
8530,5
8531,9
8532,5
8533,6
8534,9
8535,2
8536,6
8537,6
8538,6
8539,9
8540,7
8541,9
8542,8
8543,2
8544,7
8545,9
8546,8
8547,6
8548,1
8549,7
8550,8
8551,4
8552,2
8553,9
8554,5
8555,6
8556,0
8557,6
8558,7
8559,7
8560,7
8561,0
8562,0
8563,6
8564,7
8565,4
8566,2
8567,0
8568,7
8569,0
8570,9
8571,7
8572,0
8573,9
8574,7
8575,0
8576,8
8577,6
8578,6
8579,7
8580,5
8581,0
8582,6
8583,7
8584,9
8585,4
8586,7
8587,6
8588,0
8589,6
8590,9
8591,9
8592,7
8593,6
8594,0
8595,6
8596,9
8597,0
8598,7
8599,6
8600,7
8601,7
8602,7
8603,6
8604,9
8605,6
8606,5
8607,4
8608,7
8609,5
8610,6
8611,0
8612,9
8613,9
8614,9
8615,9
8616,9
8617,4
8618,4
8619,7
8620,5
8621,7
8622,5
8623,6
8624,7
8625,0
8626,7
8627,6
8628,8
8629,5
8630,6
8631,9
8632,4
8633,7
8634,7
8635,6
8636,7
8637,6
8638,9
8639,9
8640,6
8641,7
8642,6
8643,9
8644,9
8645,0
8646,9
8647,1
8648,8
8649,5
8650,2
8651,7
8652,5
8653,5
8654,6
8655,0
8656,9
8657,0
8658,9
8659,6
8660,7
8661,9
8662,6
8663,8
8664,8
8665,6
8666,6
8667,7
8668,0
8669,7
8670,6
8671,7
8672,6
8673,4
8674,5
8675,7
8676,9
8677,8
8678,6
8679,0
8680,7
8681,6
8682,0
8683,7
8684,6
8685,7
8686,8
8687,0
8688,7
8689,5
8690,6
8691,7
8692,8
8693,5
8694,5
8695,1
8696,6
8697,9
8698,0
8699,5
8700,0
8701,9
8702,9
8703,8
8704,9
8705,6
8706,0
8707,7
8708,0
8709,0
8710,4
8711,6
8712,0
8713,7
8714,7
8715,9
8716,4
8717,6
8718,9
8719,7
8720,6
8721,7
8722,9
8723,6
8724,6
8725,6
8726,7
8727,8
8728,7
8729,9
8730,5
8731,6
8732,8
8733,7
8734,0
8735,0
8736,6
8737,0
8738,7
8739,6
8740,2
8741,8
8742,5
8743,5
8744,7
8745,6
8746,7
8747,9
8748,7
8749,6
8750,4
8751,4
8752,8
8753,8
8754,9
8755,7
8756,9
8757,6
8758,6
8759,8
8760,6
8761,0
8762,6
8763,0
8764,7
8765,4
8766,6
8767,7
8768,1
8769,6
8770,4
8771,0
8772,7
8773,9
8774,9
8775,7
8776,7
8777,6
8778,5
8779,8
8780,7
8781,7
8782,6
8783,0
8784,9
8785,6
8786,7
8787,2
8788,9
8789,8
8790,6
8791,5
8792,9
8793,6
8794,7
8795,4
8796,7
8797,7
8798,9
8799,6
8800,7
8801,8
8802,7
8803,6
8804,4
8805,6
8806,4
8807,6
8808,0
8809,9
8810,7
8811,8
8812,6
8813,4
8814,0
8815,7
8816,7
8817,6
8818,6
8819,6
8820,6
8821,6
8822,7
8823,6
8824,0
8825,7
8826,6
8827,6
8828,7
8829,5
8830,0
8831,9
8832,6
8833,2
8834,6
8835,7
8836,9
8837,0
8838,7
8839,9
8840,9
8841,7
8842,7
8843,5
8844,9
8845,9
8846,6
8847,5
8848,7
8849,0
8850,7
8851,0
8852,5
8853,7
8854,5
8855,7
8856,8
8857,8
8858,0
8859,7
8860,6
8861,7
8862,4
8863,7
8864,2
8865,6
8866,0
8867,0
8868,7
8869,6
8870,6
8871,6
8872,4
8873,7
8874,7
8875,1
8876,7
8877,7
8878,6
8879,6
8880,6
8881,9
8882,6
8883,2
8884,9
8885,9
8886,7
8887,7
8888,7
8889,0
8890,9
8891,8
8892,6
8893,1
8894,6
8895,7
8896,9
8897,6
8898,6
8899,9
8900,8
8901,7
8902,2
8903,5
8904,0
8905,6
8906,7
8907,0
8908,7
8909,6
8910,7
8911,6
8912,5
8913,7
8914,5
8915,1
8916,6
8917,9
8918,9
8919,9
8920,6
8921,7
8922,9
8923,7
8924,4
8925,9
8926,4
8927,5
8928,9
8929,5
8930,8
8931,6
8932,7
8933,6
8934,6
8935,4
8936,7
8937,0
8938,5
8939,9
8940,9
8941,4
8942,4
8943,5
8944,2
8945,6
8946,7
8947,7
8948,7
8949,6
8950,7
8951,7
8952,0
8953,7
8954,6
8955,6
8956,7
8957,7
8958,7
8959,8
8960,2
8961,4
8962,2
8963,5
8964,6
8965,9
8966,6
8967,7
8968,7
8969,6
8970,7
8971,4
8972,7
8973,6
8974,5
8975,5
8976,4
8977,7
8978,6
8979,0
8980,8
8981,8
8982,4
8983,4
8984,7
8985,7
8986,5
8987,6
8988,8
8989,0
8990,7
8991,6
8992,8
8993,5
8994,6
8995,7
8996,7
8997,9
8998,8
8999,6
9000,8
9001,5
9002,8
9003,5
9004,4
9005,5
9006,7
9007,0
9008,9
9009,7
9010,7
9011,7
9012,7
9013,7
9014,7
9015,6
9016,4
9017,7
9018,6
9019,7
9020,7
9021,7
9022,9
9023,7
9024,6
9025,8
9026,7
9027,7
9028,6
9029,0
9030,6
9031,9
9032,7
9033,7
9034,6
9035,7
9036,8
9037,8
9038,7
9039,0
9040,8
9041,0
9042,0
9043,9
9044,9
9045,7
9046,6
9047,6
9048,6
9049,7
9050,6
9051,0
9052,7
9053,9
9054,2
9055,9
9056,9
9057,6
9058,8
9059,6
9060,5
9061,4
9062,8
9063,8
9064,9
9065,4
9066,9
9067,6
9068,4
9069,1
9070,9
9071,7
9072,6
9073,7
9074,3
9075,4
9076,7
9077,6
9078,9
9079,7
9080,6
9081,4
9082,9
9083,8
9084,0
9085,7
9086,0
9087,0
9088,7
9089,9
9090,4
9091,7
9092,5
9093,9
9094,4
9095,7
9096,6
9097,8
9098,0
9099,7
9100,5
9101,9
9102,1
9103,2
9104,0
9105,5
9106,5
9107,9
9108,7
9109,4
9110,7
9111,5
9112,0
9113,8
9114,6
9115,9
9116,2
9117,6
9118,9
9119,7
9120,2
9121,4
9122,6
9123,9
9124,2
9125,5
9126,9
9127,5
9128,0
9129,8
9130,0
9131,9
9132,6
9133,0
9134,0
9135,0
9136,8
9137,7
9138,6
9139,2
9140,7
9141,4
9142,5
9143,0
9144,4
9145,7
9146,7
9147,6
9148,9
9149,7
9150,2
9151,6
9152,7
9153,6
9154,7
9155,5
9156,6
9157,0
9158,6
9159,9
9160,5
9161,0
9162,7
9163,9
9164,6
9165,2
9166,5
9167,4
9168,4
9169,6
9170,0
9171,7
9172,7
9173,5
9174,5
9175,8
9176,5
9177,5
9178,6
9179,7
9180,0
9181,0
9182,0
9183,8
9184,5
9185,4
9186,7
9187,0
9188,2
9189,7
9190,7
9191,5
9192,9
9193,7
9194,6
9195,1
9196,6
9197,4
9198,4
9199,8
9200,7
9201,7
9202,5
9203,6
9204,4
9205,7
9206,5
9207,9
9208,7
9209,7
9210,0
9211,6
9212,6
9213,9
9214,6
9215,5
9216,5
9217,6
9218,6
9219,4
9220,6
9221,8
9222,7
9223,2
9224,5
9225,2
9226,6
9227,7
9228,8
9229,7
9230,6
9231,7
9232,7
9233,0
9234,6
9235,9
9236,8
9237,0
9238,7
9239,2
9240,6
9241,0
9242,7
9243,9
9244,7
9245,0
9246,6
9247,7
9248,5
9249,9
9250,7
9251,0
9252,7
9253,1
9254,7
9255,7
9256,0
9257,6
9258,6
9259,6
9260,7
9261,5
9262,7
9263,6
9264,2
9265,8
9266,7
9267,8
9268,7
9269,7
9270,7
9271,3
9272,8
9273,5
9274,0
9275,9
9276,5
9277,2
9278,8
9279,7
9280,5
9281,9
9282,6
9283,6
9284,9
9285,8
9286,6
9287,6
9288,6
9289,9
9290,6
9291,6
9292,6
9293,8
9294,4
9295,2
9296,7
9297,7
9298,3
9299,7
9300,7
9301,1
9302,4
9303,4
9304,8
9305,6
9306,6
9307,5
9308,7
9309,8
9310,2
9311,4
9312,2
9313,5
9314,5
9315,6
9316,6
9317,9
9318,8
9319,7
9320,6
9321,6
9322,7
9323,4
9324,7
9325,7
9326,0
9327,6
9328,7
9329,6
9330,6
9331,4
9332,5
9333,5
9334,9
9335,8
9336,5
9337,7
9338,7
9339,8
9340,5
9341,7
9342,0
9343,2
9344,1
9345,2
9346,6
9347,0
9348,6
9349,6
9350,5
9351,9
9352,6
9353,0
9354,5
9355,5
9356,0
9357,8
9358,6
9359,5
9360,6
9361,3
9362,6
9363,0
9364,7
9365,0
9366,9
9367,7
9368,8
9369,7
9370,7
9371,7
9372,8
9373,6
9374,9
9375,5
9376,9
9377,2
9378,9
9379,6
9380,6
9381,7
9382,6
9383,6
9384,7
9385,7
9386,7
9387,7
9388,9
9389,6
9390,8
9391,6
9392,7
9393,7
9394,4
9395,6
9396,5
9397,8
9398,8
9399,6
9400,4
9401,9
9402,7
9403,6
9404,9
9405,4
9406,7
9407,7
9408,6
9409,8
9410,8
9411,5
9412,9
9413,5
9414,6
9415,7
9416,0
9417,4
9418,0
9419,7
9420,2
9421,8
9422,2
9423,9
9424,6
9425,7
9426,7
9427,5
9428,6
9429,7
9430,7
9431,2
9432,8
9433,7
9434,6
9435,6
9436,7
9437,6
9438,2
9439,5
9440,7
9441,5
9442,6
9443,9
9444,6
9445,0
9446,6
9447,0
9448,4
9449,6
9450,5
9451,2
9452,4
9453,0
9454,8
9455,7
9456,9
9457,5
9458,3
9459,7
9460,6
9461,7
9462,7
9463,5
9464,5
9465,8
9466,8
9467,6
9468,7
9469,5
9470,6
9471,7
9472,7
9473,7
9474,0
9475,4
9476,0
9477,0
9478,7
9479,4
9480,6
9481,7
9482,7
9483,2
9484,7
9485,6
9486,9
9487,8
9488,5
9489,6
9490,0
9491,8
9492,7
9493,9
9494,2
9495,8
9496,8
9497,1
9498,5
9499,9
9500,8
9501,7
9502,0
9503,6
9504,0
9505,6
9506,5
9507,9
9508,7
9509,7
9510,6
9511,6
9512,9
9513,6
9514,8
9515,5
9516,5
9517,6
9518,0
9519,7
9520,5
9521,5
9522,6
9523,7
9524,6
9525,6
9526,0
9527,7
9528,5
9529,9
9530,7
9531,0
9532,0
9533,6
9534,5
9535,6
9536,5
9537,7
9538,7
9539,6
9540,4
9541,8
9542,7
9543,9
9544,8
9545,5
9546,9
9547,0
9548,7
9549,6
9550,7
9551,7
9552,9
9553,7
9554,0
9555,0
9556,6
9557,6
9558,0
9559,5
9560,7
9561,6
9562,6
9563,8
9564,9
9565,6
9566,7
9567,5
9568,7
9569,9
9570,4
9571,0
9572,9
9573,5
9574,4
9575,7
9576,0
9577,5
9578,9
9579,4
9580,7
9581,9
9582,6
9583,6
9584,7
9585,4
9586,6
9587,9
9588,9
9589,0
9590,0
9591,0
9592,8
9593,6
9594,4
9595,0
9596,9
9597,3
9598,6
9599,9
9600,6
9601,0
9602,4
9603,6
9604,8
9605,2
9606,7
9607,6
9608,8
9609,2
9610,7
9611,7
9612,0
9613,8
9614,6
9615,2
9616,6
9617,0
9618,7
9619,0
9620,7
9621,7
9622,0
9623,7
9624,5
9625,9
9626,7
9627,6
9628,6
9629,7
9630,5
9631,9
9632,7
9633,0
9634,6
9635,1
9636,5
9637,8
9638,6
9639,0
9640,6
9641,5
9642,7
9643,8
9644,7
9645,6
9646,6
9647,5
9648,5
9649,5
9650,6
9651,5
9652,7
9653,0
9654,2
9655,6
9656,7
9657,7
9658,9
9659,6
9660,9
9661,4
9662,6
9663,7
9664,7
9665,0
9666,0
9667,6
9668,7
9669,4
9670,0
9671,7
9672,0
9673,7
9674,0
9675,2
9676,7
9677,7
9678,0
9679,6
9680,8
9681,4
9682,1
9683,8
9684,5
9685,4
9686,7
9687,9
9688,0
9689,7
9690,9
9691,5
9692,0
9693,6
9694,7
9695,7
9696,5
9697,6
9698,7
9699,6
9700,6
9701,7
9702,5
9703,7
9704,2
9705,7
9706,6
9707,6
9708,9
9709,5
9710,9
9711,5
9712,9
9713,5
9714,2
9715,9
9716,9
9717,3
9718,8
9719,6
9720,4
9721,7
9722,6
9723,8
9724,5
9725,7
9726,3
9727,2
9728,9
9729,9
9730,9
9731,9
9732,9
9733,6
9734,7
9735,0
9736,0
9737,6
9738,6
9739,6
9740,5
9741,6
9742,7
9743,9
9744,6
9745,2
9746,6
9747,6
9748,8
9749,6
9750,5
9751,0
9752,9
9753,0
9754,5
9755,7
9756,9
9757,7
9758,7
9759,6
9760,1
9761,7
9762,9
9763,6
9764,7
9765,5
9766,8
9767,8
9768,4
9769,7
9770,0
9771,7
9772,6
9773,8
9774,4
9775,7
9776,8
9777,9
9778,0
9779,2
9780,7
9781,0
9782,9
9783,5
9784,6
9785,9
9786,9
9787,6
9788,1
9789,8
9790,4
9791,8
9792,8
9793,9
9794,7
9795,7
9796,4
9797,7
9798,5
9799,0
9800,6
9801,8
9802,5
9803,8
9804,7
9805,6
9806,2
9807,8
9808,7
9809,0
9810,2
9811,8
9812,8
9813,6
9814,1
9815,9
9816,7
9817,8
9818,9
9819,6
9820,6
9821,0
9822,8
9823,7
9824,9
9825,6
9826,6
9827,0
9828,8
9829,6
9830,0
9831,9
9832,8
9833,4
9834,6
9835,6
9836,9
9837,0
9838,7
9839,6
9840,6
9841,9
9842,0
9843,8
9844,6
9845,0
9846,5
9847,0
9848,8
9849,6
9850,7
9851,8
9852,7
9853,6
9854,7
9855,0
9856,7
9857,6
9858,5
9859,0
9860,9
9861,7
9862,0
9863,7
9864,7
9865,1
9866,6
9867,6
9868,6
9869,0
9870,0
9871,0
9872,0
9873,6
9874,7
9875,0
9876,0
9877,6
9878,8
9879,0
9880,4
9881,9
9882,8
9883,6
9884,6
9885,9
9886,7
9887,0
9888,7
9889,7
9890,6
9891,0
9892,0
9893,5
9894,9
9895,4
9896,9
9897,6
9898,7
9899,2
9900,7
9901,0
9902,7
9903,6
9904,3
9905,7
9906,7
9907,1
9908,0
9909,7
9910,4
9911,7
9912,6
9913,6
9914,7
9915,8
9916,7
9917,8
9918,6
9919,2
9920,9
9921,6
9922,7
9923,7
9924,6
9925,6
9926,6
9927,9
9928,6
9929,9
9930,0
9931,8
9932,6
9933,8
9934,5
9935,0
9936,7
9937,0
9938,0
9939,0
9940,7
9941,6
9942,8
9943,7
9944,7
9945,7
9946,5
9947,9
9948,7
9949,0
9950,6
9951,9
9952,7
9953,7
9954,8
9955,7
9956,4
9957,7
9958,6
9959,4
9960,9
9961,4
9962,7
9963,9
9964,7
9965,7
9966,6
9967,0
9968,7
9969,7
9970,0
9971,8
9972,7
9973,6
9974,6
9975,6
9976,6
9977,9
9978,6
9979,6
9980,7
9981,7
9982,6
9983,0
9984,0
9985,6
9986,7
9987,4
9988,2
9989,8
9990,7
9991,0
9992,9
9993,6
9994,0
9995,7
9996,4
9997,9
9998,2
9999,9
